source_product_id,sku,name,category,price_aed,stock,description,image_url,supplier,active,b2b_available,match_confidence,matched_intermex_title,matched_intermex_url,review_notes
,CMX-ASSORTED-CANDY-BAG,Assorted Mexican Candy Bag,,25.00,50,Pocket price. Premium Flavours. Indulge with the genuine taste of Mexican tradition. Grab. Unwrap. Enjoy!,https://cdn.shopify.com/s/files/1/0642/6725/5904/files/WhatsAppImage2026-07-01at17.07.44.jpg?v=1782911308,Intermex UAE,false,false,exact,Assorted Mexican Candy Bag,https://intermexuae.com/products/assorted-mexican-candy-bag,Direct Intermex catalog row not present in original CornerMex CSV. Founder review required before import/activation.
,CMX-MAYONESA-MACROMICK-LIME-390GM,Mayonesa Macromick (Lime) 390gm,,28.50,50,"McCormick Mayonesa (Mayonnaise) with Lime Juice is Mexico's top-selling mayonnaise brand , widely loved for its ultra-creamy texture and unique, tangy citrus twist.",https://cdn.shopify.com/s/files/1/0642/6725/5904/files/Screenshot2026-06-26114440.png?v=1782460393,Intermex UAE,false,false,exact,Mayonesa Macromick (Lime) 390gm,https://intermexuae.com/products/mayonesa-macromick-lime-390gm,Direct Intermex catalog row not present in original CornerMex CSV. Founder review required before import/activation.
,CMX-VIVA-T-SHIRT,Viva México T-shirt!,,120.00,50,"Show your support for Mexico with our limited-edition Viva México, Cabrones! tee. Available in white, red, and green, inspired by the colours of the Mexican flag. Perfect for match days, watch parties, and celebrating Mexico throughout the 2026 World Cup. 🇲🇽",https://cdn.shopify.com/s/files/1/0642/6725/5904/files/Artboard3.png?v=1781628274,Intermex UAE,false,false,exact,Viva México T-shirt!,https://intermexuae.com/products/viva-mexico-t-shirt,Direct Intermex catalog row not present in original CornerMex CSV. Founder review required before import/activation.
8cc4e82c-e0e9-4206-b762-a5a41e7f4120,CMX-JAPANESE-STYLE-PEANUTS-WITH-VALENTINA-SAUCE-30G,Japanese Style Peanuts With Valentina Sauce 30g,snacks,2.50,50,"Discover the perfect fusion of flavors with these Japanese-style peanuts coated in a thick, super crunchy shell of toasted wheat flour infused with savory soy sauce. Each whole peanut is encased in a satisfying crunch that delivers an authentic taste experience. The bold, umami-rich coating complements the natural nuttiness of premium peanuts, creating an irresistible snack that's perfect for any occasion. Now with Valentina sauce! Available from Corner Mex for delivery in Dubai, Abu Dhabi and across the UAE.",https://cdn.shopify.com/s/files/1/0642/6725/5904/files/e04a77a3-de3b-4e36-9f3a-36fc20b866b0.jpg?v=1778481472,Intermex UAE,false,false,exact,Japanese Style Peanuts With Valentina Sauce 30g,https://intermexuae.com/products/japanese-style-peanuts-with-valentina-sauce-600g,Direct Intermex catalog row matched to CornerMex seed candidate. Founder review required before activation.
,CMX-JAPANESE-STYLE-PEANUTS-30G,Japanese Style Peanuts 30g,,2.50,50,"Discover the perfect fusion of flavors with these Japanese-style peanuts coated in a thick, super crunchy shell of toasted wheat flour infused with savory soy sauce. Each whole peanut is encased in a satisfying crunch that delivers an authentic taste experience. The bold, umami-rich coating complements the natural nuttiness of premium peanuts, creating an irresistible snack that's perfect for any occasion.",https://cdn.shopify.com/s/files/1/0642/6725/5904/files/ee711077-41bd-4db0-883d-462d18aced54.jpg?v=1778481807,Intermex UAE,false,false,exact,Japanese Style Peanuts 30g,https://intermexuae.com/products/japanese-style-peanuts-600g,Direct Intermex catalog row not present in original CornerMex CSV. Founder review required before import/activation.
bc3e0f77-12b6-4d91-a163-f823477db8c0,CMX-BANDERILLA-TAMAROCA-TAMARIND-STICK-1PCS,"Banderilla, Tamaroca Tamarind Mexican Stick 1pcs",snacks,3.50,50,"Flavor Profile: A complex ""big four"" combination of sweet, sour, salty, and spicy. Usage: They are eaten as a standalone treat or used as a cocktail stirrer for drinks like micheladas , where the chili coating dissolves into the beverage. Original Mexican Candy!! Available from Corner Mex for delivery in Dubai, Abu Dhabi and across the UAE.",https://cdn.shopify.com/s/files/1/0642/6725/5904/files/banderilla-tamaroca-30pz2.webp?v=1778479959,Intermex UAE,false,false,exact,"Banderilla, Tamaroca Tamarind Mexican Stick 1pcs",https://intermexuae.com/products/banderilla-tamaroca-tamarind-mexican-stick-30pcs,Direct Intermex catalog row matched to CornerMex seed candidate. Founder review required before activation.
1dcbf688-4a12-4021-84c2-02f57a0826d9,CMX-PEPE-CRUNCH-PEANUTS-HABANERO-FLAVOUR-500G,Pepe Crunch Peanuts Habanero Flavour 500g,salsas,33.50,50,"Toasted peanuts coated with a thick crunchy layer of roasted wheat flour Habanero flavoured for a savoury, bold taste Authentic Mexican snack tradition 500g pack of satisfying crunch Perfect for snacking anytime, anywhere. Available from Corner Mex for delivery in Dubai, Abu Dhabi and across the UAE.",https://cdn.shopify.com/s/files/1/0642/6725/5904/files/WhatsAppImage2026-05-11at12.11.46.jpg?v=1778487149,Intermex UAE,false,false,exact,Pepe Crunch Peanuts Habanero Flavour 500g,https://intermexuae.com/products/pepe-crunch-peanuts-habanero-flavour-500g,Direct Intermex catalog row matched to CornerMex seed candidate. Founder review required before activation.
,CMX-PEPE-CRUNCH-PEANUTS-MANGO-FLAVOUR-500G,Pepe Crunch Peanuts Mango Flavour 500g,,35.00,50,"Toasted peanuts coated with a thick crunchy layer of roasted wheat flour Mango flavoured for a savoury, bold taste Authentic Mexican snack tradition 500g pack of satisfying crunch Perfect for snacking anytime, anywhere",https://cdn.shopify.com/s/files/1/0642/6725/5904/files/Screenshot2026-05-09144403.png?v=1778324304,Intermex UAE,false,false,exact,Pepe Crunch Peanuts Mango Flavour 500g,https://intermexuae.com/products/pepe-crucnh-peanuts-mango-flavour-500g,Direct Intermex catalog row not present in original CornerMex CSV. Founder review required before import/activation.
189a0de0-bb7c-45f6-9f54-eaee757a83e1,CMX-PEPE-CRUNCH-PEANUTS-CHIPOTLE-FLAVOUR-500G,Pepe Crunch Peanuts Chipotle Flavour 500g,snacks,35.00,50,"Toasted peanuts coated with a thick crunchy layer of roasted wheat flour Chipotle flavoured for a savoury, bold taste Authentic Mexican snack tradition 500g pack of satisfying crunch Perfect for snacking anytime, anywhere. Available from Corner Mex for delivery in Dubai, Abu Dhabi and across the UAE.",https://cdn.shopify.com/s/files/1/0642/6725/5904/files/Screenshot2026-05-09142641.png?v=1778323510,Intermex UAE,false,false,exact,Pepe Crunch Peanuts Chipotle Flavour 500g,https://intermexuae.com/products/pepe-crucnh-peanuts-chipotle-flavour-500g,Direct Intermex catalog row matched to CornerMex seed candidate. Founder review required before activation.
,CMX-PEPE-CRUNCH-PEANUTS-CHEESE-FLAVOUR-500G,Pepe Crunch Peanuts Cheese Flavour 500g,,35.00,50,"Toasted peanuts coated with a thick crunchy layer of roasted wheat flour Cheese flavoured for a savoury, bold taste Authentic Mexican snack tradition 500g pack of satisfying crunch Perfect for snacking anytime, anywhere",https://cdn.shopify.com/s/files/1/0642/6725/5904/files/Screenshot2026-05-09142543.png?v=1778322509,Intermex UAE,false,false,exact,Pepe Crunch Peanuts Cheese Flavour 500g,https://intermexuae.com/products/pepe-crucnh-peanuts-cheese-flavour-500g,Direct Intermex catalog row not present in original CornerMex CSV. Founder review required before import/activation.
,CMX-PEPE-CRUNCH-PEANUTS-CHILLI-FLAVOUR-500G,Pepe Crunch Peanuts Chilli Flavour 500g,,35.00,50,"Toasted peanuts coated with a thick crunchy layer of roasted wheat flour Chilli flavoured for a savoury, bold taste Authentic Mexican snack tradition 500g pack of satisfying crunch Perfect for snacking anytime, anywhere",https://cdn.shopify.com/s/files/1/0642/6725/5904/files/Screenshot2026-05-09142035.png?v=1778322166,Intermex UAE,false,false,exact,Pepe Crunch Peanuts Chilli Flavour 500g,https://intermexuae.com/products/pepe-crucnh-peanuts-chilli-flavour-500g,Direct Intermex catalog row not present in original CornerMex CSV. Founder review required before import/activation.
,CMX-CHOLULA-HOT-SAUCE-60ML,Cholula Original Hot Sauce 60ml,,11.90,50,"Core Flavor : A balanced blend of Arbol and Piquin peppers combined with signature spices and vinegar, offering a medium heat level that enhances food without overpowering it. Dietary Information : This sauce is vegan-friendly , gluten-free , and vegetarian . Iconic Design : Easily recognized by its round wooden cap , which reflects traditional Mexican craftsmanship.",https://cdn.shopify.com/s/files/1/0642/6725/5904/files/Screenshot2026-05-09145145.png?v=1778323923,Intermex UAE,false,false,exact,Cholula Original Hot Sauce 60ml,https://intermexuae.com/products/cholula-original-hot-sauce-60ml,Direct Intermex catalog row not present in original CornerMex CSV. Founder review required before import/activation.
,CMX-CHOLULA-CHIPOTLE-HOT-SAUCE-150ML,Cholula Original Chipotle Hot Sauce 150ml,,20.90,50,"Flavor Profile: It offers deep barbecue-like notes and a rich, mesquite-like flavor. Heat Level: mild to medium. Dietary Info: vegan-friendly, gluten-free, and kosher. Recommended Pairings: Ideal for burgers, grilled meats, chicken, steaks, tacos, and even breakfast items like omelets.",https://cdn.shopify.com/s/files/1/0642/6725/5904/files/Screenshot2026-05-09133352.png?v=1778319467,Intermex UAE,false,false,exact,Cholula Original Chipotle Hot Sauce 150ml,https://intermexuae.com/products/cholula-original-chipotle-hot-sauce,Direct Intermex catalog row not present in original CornerMex CSV. Founder review required before import/activation.
b6191525-b140-44c5-8462-2cb15bab6661,CMX-WHITE-CORN-WITH-EPAZOTE-ESQUITE-NATURAL-CON-EPAZOTE-1KG,(White Corn with Epazote) Esquite Natural Con Epazote 1kg,masa,45.50,50,"Esquite natural con epazote is a traditional Mexican street food snack consisting of fresh corn kernels boiled or simmered in water with fresh epazote herbs, salt. Delicious with mayonnaise, hot sauce, chili powder, lime and salt. Available from Corner Mex for delivery in Dubai, Abu Dhabi and across the UAE.",https://cdn.shopify.com/s/files/1/0642/6725/5904/files/Screenshot2026-05-09133302.png?v=1778319224,Intermex UAE,false,false,exact,(White Corn with Epazote) Esquite Natural Con Epazote 1kg,https://intermexuae.com/products/esquite-natural-con-epazote-1kg,Direct Intermex catalog row matched to CornerMex seed candidate. Founder review required before activation.
,CMX-CHOLULA-CHILLI-LIME-HOT-SAUCE,Cholula Original Chilli Lime Hot Sauce,,20.90,50,"Flavor Profile : Combines the bright essence of limes with a blend of arbol and piquin chili peppers . Heat Level : Mild Dietary Features : It is gluten-free, fat-free and contains no artificial flavors. Versatility : Beyond traditional Mexican dishes, it is popular on eggs, grilled meats, and even in cocktails like Bloody Marys.",https://cdn.shopify.com/s/files/1/0642/6725/5904/files/Screenshot2026-05-09132454.png?v=1778318892,Intermex UAE,false,false,exact,Cholula Original Chilli Lime Hot Sauce,https://intermexuae.com/products/cholula-original-chilli-lime-hot-sauce,Direct Intermex catalog row not present in original CornerMex CSV. Founder review required before import/activation.
073bbc70-62c9-4d17-8648-52b34f358f02,CMX-RED-SAUCE-SALSA-PICANTE-ROJA-120ML-YUCATECO,"Red Sauce (Salsa Picante Roja) 120ml, Yucateco",salsas,18.10,50,"El Yucateco’s Red Habanero Hot Sauce is elaborated with our classic recipe, based on habanero peppers, red tomatoes and a selection of fine spices and seasonings. Available from Corner Mex for delivery in Dubai, Abu Dhabi and across the UAE.",https://cdn.shopify.com/s/files/1/0642/6725/5904/files/Screenshot2026-05-09130249.png?v=1778317417,My Store,false,false,exact,"Red Sauce (Salsa Picante Roja) 120ml, Yucateco",https://intermexuae.com/products/salsa-picante-roja-120ml-yucateco,Direct Intermex catalog row matched to CornerMex seed candidate. Founder review required before activation.
f43fee1b-1bf0-43aa-a11f-b8406f512c9f,CMX-HOT-GREEN-SAUCE-SALSA-PICANTE-GREEN-CHILE-HABANERO-120ML,"Hot Green Sauce (Salsa Picante Green chile Habanero) 120ml, Yucateco",salsas,18.10,50,"El Yucateco Salsa Picante de Chile Habanero is a line of authentic Mexican hot sauces known for their bold heat and rich flavor profiles based on habanero peppers . Available from Corner Mex for delivery in Dubai, Abu Dhabi and across the UAE.",https://cdn.shopify.com/s/files/1/0642/6725/5904/files/Screenshot2026-05-09125942.png?v=1778317252,My Store,false,false,exact,"Hot Green Sauce (Salsa Picante Green chile Habanero) 120ml, Yucateco",https://intermexuae.com/products/salsa-picante-chile-habanero-120ml-yucateco,Direct Intermex catalog row matched to CornerMex seed candidate. Founder review required before activation.
,CMX-BLACK-SAUCE-SALSA-PICANTE-NEGRA-120ML-YUCATECO,"Black Sauce (Salsa Picante Negra) 120ml, Yucateco",,18.10,50,"Grilled Meats: Enhancing the char on steaks, burgers, and brisket. Hearty Dishes: Adding depth to stews, chili, or roasted vegetables. Seafood: A favorite for tuna tostadas or shrimp tacos. Breakfast: Drizzled over eggs for a savory, smoky kick.",https://cdn.shopify.com/s/files/1/0642/6725/5904/files/Screenshot2026-05-09125447.png?v=1778316927,Intermex UAE,false,false,exact,"Black Sauce (Salsa Picante Negra) 120ml, Yucateco",https://intermexuae.com/products/salsa-picante-negra-120ml-yucateco,Direct Intermex catalog row not present in original CornerMex CSV. Founder review required before import/activation.
,CMX-MARUCHAN-INSTANT-NOODLES,Maruchan (Instant Noodles),,14.30,50,Delicious Instant Noodles with Shrimp and Chili Piquin. Your Lunch in minutes.,https://cdn.shopify.com/s/files/1/0642/6725/5904/files/MaruchanShrimpwithPiquinChile.jpg?v=1777981596,Intermex UAE,false,false,exact,Maruchan (Instant Noodles),https://intermexuae.com/products/maruchan,Direct Intermex catalog row not present in original CornerMex CSV. Founder review required before import/activation.
,CMX-HUNGRY-GURU-OF-12,Hungry Guru pack of 12,,64.80,50,Made with corn and salt only Naturally gluten-free Vegan and low in fat Non-GMO 5 crackers or fewer than 120 calories pack of 12 packets,https://cdn.shopify.com/s/files/1/0642/6725/5904/files/Screenshot2026-04-09141948.png?v=1775730044,Intermex UAE,false,false,exact,Hungry Guru pack of 12,https://intermexuae.com/products/hungry-guru-pack-of-12,Direct Intermex catalog row not present in original CornerMex CSV. Founder review required before import/activation.
,CMX-HOMESTYLE-LA-COSTEN-475GM,Homestyle La Costen 475gm,,22.00,50,"A classic, fire-roasted flavor straight from the Mexican kitchen. La Costeña Salsa Casera Mexicana (Tatemada) is made with roasted tomatoes, onions, and chilies to give you that authentic, homemade taste. A must-have for tacos, eggs, or grilled meats. 🌶️ Brand: La Costeña 🌶️ Roasted tomato-based Mexican-style salsa 🌶️ Medium heat with a smoky, homemade flavor 🌶️ Ideal for topping tacos, eggs, grilled chicken or steak",https://cdn.shopify.com/s/files/1/0642/6725/5904/files/Screenshot2026-03-10132613.png?v=1773134790,Intermex UAE,false,false,exact,Homestyle La Costen 475gm,https://intermexuae.com/products/homestyle-la-costen-475gm,Direct Intermex catalog row not present in original CornerMex CSV. Founder review required before import/activation.
444ed887-7551-4641-9d2b-71c7f95a447e,CMX-LA-COSTENA-GREEN-SALSA-475GM,La Costeña Green Salsa 475gm,salsas,22.00,50,"La Costeña Green Salsa (475g) offers fresh, tangy flavor with balanced heat for a wide range of dishes. Available from Corner Mex for delivery in Dubai, Abu Dhabi and across the UAE.",https://cdn.shopify.com/s/files/1/0642/6725/5904/files/greensalsa.jpg?v=1767442571,Intermex UAE,false,false,exact,La Costeña Green Salsa 475gm,https://intermexuae.com/products/la-costena-green-salsa,Direct Intermex catalog row matched to CornerMex seed candidate. Founder review required before activation.
,CMX-WHOLE-GREEN-TOMATILLO-2-8KG-SAN-MARCO,Whole Green Tomatillo 2.8kg San Marco,,39.00,50,"Whole green tomatillos with a fresh, tangy flavour, perfect for making traditional salsa verde, sauces, and Mexican dishes. Ready to use and preserved for consistent quality and authentic taste.",https://cdn.shopify.com/s/files/1/0642/6725/5904/files/Screenshot2026-04-09131949.png?v=1775726533,Intermex UAE,false,false,exact,Whole Green Tomatillo 2.8kg San Marco,https://intermexuae.com/products/whole-green-tomatillo-2-8kg-san-marco,Direct Intermex catalog row not present in original CornerMex CSV. Founder review required before import/activation.
7d1cb3ad-56e5-458b-b87a-24f39a6635e4,CMX-JARRITOS-FRUIT-PUNCH-DRINK-370ML,Jarritos Fruit Punch Drink 370ML,beverages,12.00,50,"Jarritos Fruit Punch is a classic Mexican soda made with real cane sugar and natural flavors. Size: 12.5 fl oz (370 mL) Packaging: Glass bottle Sweetened with cane sugar Tip: Chill well and serve over ice for maximum refreshment. Available from Corner Mex for delivery in Dubai, Abu Dhabi and across the UAE.",https://cdn.shopify.com/s/files/1/0642/6725/5904/files/Screenshot2026-04-04145005.png?v=1775299860,Intermex UAE,false,false,exact,Jarritos Fruit Punch Drink 370ML,https://intermexuae.com/products/jarritos-fruit-punch-drink-370ml,Direct Intermex catalog row matched to CornerMex seed candidate. Founder review required before activation.
1dd674c6-e83c-4701-9f3f-61243af71635,CMX-JARRITOS-STRAWBERRY-DRINK-370ML,Jarritos Strawberry Drink 370ML,beverages,12.00,50,"Jarritos Strawberry is a classic Mexican soda made with real cane sugar and natural flavors. Size: 12.5 fl oz (370 mL) Packaging: Glass bottle Sweetened with cane sugar Tip: Chill well and serve over ice for maximum refreshment. Available from Corner Mex for delivery in Dubai, Abu Dhabi and across the UAE.",https://cdn.shopify.com/s/files/1/0642/6725/5904/files/Screenshot2026-04-04143649.png?v=1775299714,Intermex UAE,false,false,exact,Jarritos Strawberry Drink 370ML,https://intermexuae.com/products/jarritos-strawberry-drink-370ml,Direct Intermex catalog row matched to CornerMex seed candidate. Founder review required before activation.
a187f1f0-b9e2-4e5e-8aba-27dab78e468a,CMX-JARRITOS-GRAPEFRUIT-DRINK-370ML,Jarritos Grapefruit Drink 370ML,beverages,12.00,50,"Jarritos Grape fruit is a classic Mexican soda made with real cane sugar and natural flavors. Size: 12.5 fl oz (370 mL) Packaging: Glass bottle Sweetened with cane sugar Tip: Chill well and serve over ice for maximum refreshment. Available from Corner Mex for delivery in Dubai, Abu Dhabi and across the UAE.",https://cdn.shopify.com/s/files/1/0642/6725/5904/files/Screenshot2026-04-04143553.png?v=1775299532,Intermex UAE,false,false,exact,Jarritos Grapefruit Drink 370ML,https://intermexuae.com/products/jarritos-grape-friut-drink-370ml,Direct Intermex catalog row matched to CornerMex seed candidate. Founder review required before activation.
61c81f67-4cc2-494a-8017-4fa527ffaaf7,CMX-JARRITOS-LIME-DRINK-370ML,Jarritos Lime Drink 370ML,beverages,12.00,50,"Jarritos LIME is a classic Mexican soda made with real cane sugar and natural flavors. Size: 12.5 fl oz (370 mL) Packaging: Glass bottle Sweetened with cane sugar Tip: Chill well and serve over ice for maximum refreshment. Available from Corner Mex for delivery in Dubai, Abu Dhabi and across the UAE.",https://cdn.shopify.com/s/files/1/0642/6725/5904/files/Screenshot2026-04-04144309.png?v=1775299409,Intermex UAE,false,false,exact,Jarritos Lime Drink 370ML,https://intermexuae.com/products/jarritos-lime-drink-370ml,Direct Intermex catalog row matched to CornerMex seed candidate. Founder review required before activation.
9daebd79-0c8b-448d-8446-05767eddeaca,CMX-JARRITOS-GUAVA-DRINK-370ML,Jarritos Guava Drink 370ML,beverages,12.00,50,"Jarritos Guava is a classic Mexican soda made with real cane sugar and natural flavors. Size: 12.5 fl oz (370 mL) Packaging: Glass bottle Sweetened with cane sugar Tip: Chill well and serve over ice for maximum refreshment. Available from Corner Mex for delivery in Dubai, Abu Dhabi and across the UAE.",https://cdn.shopify.com/s/files/1/0642/6725/5904/files/Screenshot2026-04-04143701.png?v=1775299261,Intermex UAE,false,false,exact,Jarritos Guava Drink 370ML,https://intermexuae.com/products/jarritos-guava-drink-370ml,Direct Intermex catalog row matched to CornerMex seed candidate. Founder review required before activation.
41ff32b6-2fa7-446e-8a18-d01bae6491c8,CMX-JARRITOS-COLA-DRINK-370ML,Jarritos Mexican Cola Drink 370ML,beverages,12.00,50,"Jarritos Mexican Cola is a classic Mexican soda made with real cane sugar and natural flavors and perfect served ice-cold. Size: 12.5 fl oz (370 mL) Packaging: Glass bottle Sweetened with cane sugar Tip: Chill well and serve over ice for maximum refreshment. Available from Corner Mex for delivery in Dubai, Abu Dhabi and across the UAE.",https://cdn.shopify.com/s/files/1/0642/6725/5904/files/Screenshot2026-04-04143735.png?v=1775299162,Intermex UAE,false,false,exact,Jarritos Mexican Cola Drink 370ML,https://intermexuae.com/products/jarritos-mexican-cola-370ml,Direct Intermex catalog row matched to CornerMex seed candidate. Founder review required before activation.
907388d6-68ac-4271-9689-8fd3abb5e457,CMX-JARRITOS-MANDARIN-DRINK-370ML,Jarritos Mandarin Drink 370ML,beverages,12.00,50,INTERMEXUAE Made with real fruit flavors Authentic Mexican soft drink Bright and refreshing mandarin flavor Perfect for parties and gatherings Ideal for those who enjoy unique and exotic sodas.,https://cdn.shopify.com/s/files/1/0642/6725/5904/files/Screenshot2026-04-04143314.png?v=1775298871,Intermex UAE,false,false,exact,Jarritos Mandarin Drink 370ML,https://intermexuae.com/products/jarritos-mandarin-drink-370ml,Direct Intermex catalog row matched to CornerMex seed candidate. Founder review required before activation.
47fde3f7-4e32-4b4a-ad21-b07293268e43,CMX-JARRITOS-PINEAPPLE-DRINK-370ML,Jarritos Pineapple Drink 370ML,beverages,12.00,50,"Jarritos Pineapple is a classic Mexican soda made with real cane sugar and natural flavors. Crisp, bubbly, and perfect served ice-cold. Size: 12.5 fl oz (370 mL) Packaging: Glass bottle Sweetened with cane sugar Tip: Chill well and serve over ice for maximum refreshment. Available from Corner Mex for delivery in Dubai, Abu Dhabi and across the UAE.",https://cdn.shopify.com/s/files/1/0642/6725/5904/files/Screenshot2026-04-04143120.png?v=1775298694,Intermex UAE,false,false,exact,Jarritos Pineapple Drink 370ML,https://intermexuae.com/products/jarritos-pineapple-drink-370ml,Direct Intermex catalog row matched to CornerMex seed candidate. Founder review required before activation.
,CMX-HUNGRY-GURU-OF-6-35G,Hungry Guru Pack of 6 (35G),,33.60,50,Made with corn and salt only Naturally gluten-free Vegan and low in fat Non-GMO 5 crackers or fewer than 120 calories,https://cdn.shopify.com/s/files/1/0642/6725/5904/files/Screenshot2026-04-09142253.png?v=1775730189,Intermex UAE,false,false,exact,Hungry Guru Pack of 6 (35G),https://intermexuae.com/products/hungary-guru-pack-of-6-35g,Direct Intermex catalog row not present in original CornerMex CSV. Founder review required before import/activation.
,CMX-HUNGRY-GURU-OF-3-35G,Hungry Guru Pack of 3 (35g),,17.40,50,Made with corn and salt only Naturally gluten-free Vegan and low in fat Non-GMO 5 crackers or fewer than 120 calories,https://cdn.shopify.com/s/files/1/0642/6725/5904/files/WhatsAppImage2026-03-31at2.11.46PM_2.jpg?v=1774960375,Intermex UAE,false,false,exact,Hungry Guru Pack of 3 (35g),https://intermexuae.com/products/hungary-guru-pack-of-3-35gm,Direct Intermex catalog row not present in original CornerMex CSV. Founder review required before import/activation.
,CMX-HUNGRY-GURU-35G,Hungry Guru 35g,,5.80,50,Made with corn and salt only Naturally gluten-free Vegan and low in fat Non-GMO 5 crackers or fewer than 120 calories,https://cdn.shopify.com/s/files/1/0642/6725/5904/files/WhatsAppImage2026-03-30at3.38.11PM.jpg?v=1774871249,Intermex UAE,false,false,exact,Hungry Guru 35g,https://intermexuae.com/products/hungary-guru-35g,Direct Intermex catalog row not present in original CornerMex CSV. Founder review required before import/activation.
,CMX-NIXTAMALIZED-OMALLI-CORN-FLOUR-1KG,Nixtamalized Omalli corn flour 1kg,,30.00,50,"Omalli delivers premium nixtamalized corn flour made from select maize, fortified with essential nutrients to support both health and tradition. 🌽 1 kg packaging – ideal for restaurants, taquerías, and large-scale use 🌽 Fortified with folic acid, iron, zinc, and B vitamins (B1, B2, B3) 🌽 Perfect for preparing authentic tortillas, tamales, and masa-based dishes 🌽 Made from nixtamalized maize for richer flavor and better texture 🌽 Naturally gluten-free",,Intermex UAE,false,false,exact,Nixtamalized Omalli corn flour 1kg,https://intermexuae.com/products/nixtamalized-omalli-corn-flour-1kg,Direct Intermex catalog row not present in original CornerMex CSV. Founder review required before import/activation.
bbfab19e-70e2-4fb7-bb99-86b6b05c239f,CMX-CHAMOY-SAUCE-EL-CHILERITO-355ML,"Chamoy Sauce, El Chilerito 355ml",salsas,14.30,50,"Size: 330 ML Sweet, sour, spicy, the holy trinity of Mexican flavor in a bottle. Salsa Chamoy 355ml is a bold and tangy chamoy sauce perfect for drizzling on fruit, snacks, and even cocktails. It’s the ultimate party essential! 🌶️ Brand: El Chilerito 🌶️ Sweet, tangy, and mildly spicy 🌶️ Classic chamoy made for fruit, chips, and drinks 🌶️ Loved for micheladas, mangonadas, and candy dips 🌶️ 355ml bottle – perfect for sharing or stocking up. Available from Corner Mex for delivery in Dubai, Abu Dhabi and across the UAE.",https://cdn.shopify.com/s/files/1/0642/6725/5904/files/Screenshot2026-05-11151033.png?v=1778497929,Intermex UAE,false,false,exact,"Chamoy Sauce, El Chilerito 355ml",https://intermexuae.com/products/chamoy-sauce-330ml-intermex,Direct Intermex catalog row matched to CornerMex seed candidate. Founder review required before activation.
,CMX-APRICOT-IN-SYRUP-820G,Apricot in syrup 820g,,25.00,50,"La Costeña Whole Apricot in Syrup (800g) deliver a sweet, tropical flavor ideal for desserts and baking.",https://cdn.shopify.com/s/files/1/0642/6725/5904/files/Screenshot2026-03-10131715.png?v=1773134333,Intermex UAE,false,false,exact,Apricot in syrup 820g,https://intermexuae.com/products/apricot-in-syrup-820g,Direct Intermex catalog row not present in original CornerMex CSV. Founder review required before import/activation.
,CMX-WHOLE-BLACK-BEANS-560G-COSTENA,Whole Black Beans 560g Costena,,14.50,50,"A staple in Mexican kitchens, La Sierra brings you perfectly cooked whole black beans (frijoles negros enteros) ready to heat and enjoy. Whether as a side, in soups, or part of your favorite burrito, these beans are rich in flavor and nutrition. 🫘 Traditional whole black beans 🍽️ Ideal for tacos, soups, rice dishes &amp; more 🥄 Ready-to-eat – no soaking or cooking required 📦 560g can – great for families or food service 🇲🇽 Product of Mexico",https://cdn.shopify.com/s/files/1/0642/6725/5904/files/Screenshot2026-03-10131531.png?v=1773134145,Intermex UAE,false,false,exact,Whole Black Beans 560g Costena,https://intermexuae.com/products/whole-black-beans-560g-costena,Direct Intermex catalog row not present in original CornerMex CSV. Founder review required before import/activation.
,CMX-NACHOS-JALAPENO-2-8KG-COSTENA,Nachos jalapeno 2.8kg Costena,,40.00,50,"Add some heat to your plate with La Costeña’s signature nacho-sliced jalapeños. Crunchy, tangy, and fiery enough to kick your tacos, burgers, and quesadillas up a notch. 🌶️ Crisp jalapeño slices pickled to perfection 🌶️ Ready to serve, perfect for nachos, tacos &amp; more 🌶️ Balanced heat with bold Mexican flavor 🌶️ 440g jar, pantry must-have for spice lovers",https://cdn.shopify.com/s/files/1/0642/6725/5904/files/Screenshot2026-03-10130853.png?v=1773133850,Intermex UAE,false,false,exact,Nachos jalapeno 2.8kg Costena,https://intermexuae.com/products/nachos-jalapeno-2-8kg-costena,Direct Intermex catalog row not present in original CornerMex CSV. Founder review required before import/activation.
,CMX-RICE-MORELO-1KG-VALLE-VERDE,Rice Morelo 1kg valle verde,,19.00,50,"Enriched Long Grain Mexican Rice, Dry Arroz Pantry Staple for Sides and Meals, Non Perishable Food",https://cdn.shopify.com/s/files/1/0642/6725/5904/files/Screenshot2026-03-10130306.png?v=1773133503,Intermex UAE,false,false,exact,Rice Morelo 1kg valle verde,https://intermexuae.com/products/rice-morelo-1kg-valle-verde,Direct Intermex catalog row not present in original CornerMex CSV. Founder review required before import/activation.
,CMX-TAJIN-CLASSICO-SEASONING-400GM,Tajin Classico Seasoning 400gm,,33.50,50,"FLAVORFUL INGREDIENTS: Tajin Clasico Seasoning is made from a unique blend of 100% natural chili peppers, lime, and sea salt that brings out the flavo Packed with a host of goodness Formulated with care This product comes in a safe and proper packaging",https://cdn.shopify.com/s/files/1/0642/6725/5904/files/Screenshot2026-03-10125441.png?v=1773133023,Intermex UAE,false,false,exact,Tajin Classico Seasoning 400gm,https://intermexuae.com/products/tajin-classico-seasoning-400gm,Direct Intermex catalog row not present in original CornerMex CSV. Founder review required before import/activation.
,CMX-BLACK-BEANS-DRY-900G-LA-SIERRA,"Black Beans Dry 900g, La sierra",,19.50,50,"La Sierra Dried Black Beans 900g are high-quality dried black beans, a staple ingredient in many traditional dishes. Known for their rich flavour and firm texture, black beans are versatile and suitable for a wide range of recipes, from everyday meals to slow-cooked dishes. Once cooked, they become creamy on the inside while holding their shape well.",https://cdn.shopify.com/s/files/1/0642/6725/5904/files/Screenshot2026-03-10124913.png?v=1773132616,Intermex UAE,false,false,exact,"Black Beans Dry 900g, La sierra",https://intermexuae.com/products/black-beans-dry-900g-la-sierra,Direct Intermex catalog row not present in original CornerMex CSV. Founder review required before import/activation.
,CMX-MAIZ-BLANCO-LA-COSTENA-3KG,Maiz Blanco La Costena 3kg,,40.00,50,🌽 Made from 100% nixtamalized white corn 🍲 Perfect for pozole and hearty Mexican soups ✅ No soaking or boiling needed – just heat and serve 🧂 Packed in brine to preserve taste and freshness 🇲🇽 Authentic flavor straight from Mexico to your plate,https://cdn.shopify.com/s/files/1/0642/6725/5904/files/Screenshot2026-03-10124344.png?v=1773132321,Intermex UAE,false,false,exact,Maiz Blanco La Costena 3kg,https://intermexuae.com/products/maiz-blanco-la-costena-3kg,Direct Intermex catalog row not present in original CornerMex CSV. Founder review required before import/activation.
,CMX-BLUE-CORN-MASA-FLOUR-MASECA,"Blue Corn Masa Flour, Maseca",,23.50,50,"🌽 Made from 100% non-GMO blue corn 🌽 Naturally gluten-free &amp; vegan 🌽 Rich, nutty taste and striking color 🌽 Ideal for tortillas, tamales, sopes &amp; more 🌽 1kg bag – resealable and pantry-friendly",https://cdn.shopify.com/s/files/1/0642/6725/5904/files/Screenshot2026-03-10121604.png?v=1773130603,Intermex UAE,false,false,exact,"Blue Corn Masa Flour, Maseca",https://intermexuae.com/products/blue-corn-masa-flour-maseca,Direct Intermex catalog row not present in original CornerMex CSV. Founder review required before import/activation.
70718368-c21e-4e6f-835c-05eee4c59866,CMX-WHOLE-ANCHO-CHILI-EL-FRESNO,"Whole Ancho Chili, El Fresno",chiles,96.00,50,"Deeply flavorful and gently smoky, El Fresno Whole Dried Ancho Chilies (sun-dried poblanos) add rich color and mild, fruity heat to classic Mexican dishes. Rehydrate them for sauces and moles, or grind them to boost marinades, stews, and rubs. 🌶️ Brand: El Fresno 🌶️ 100 % whole dried ancho chiles 🌶️ Mild heat with notes of raisin, cocoa, and smoke 🌶️ Perfect for moles, adobo sauces, chili pastes, soups, and braises 🌶️ Generous 1 kg bulk pack – ideal for chefs, restaurants, and serious chili lovers. Available from Corner Mex for delivery in Dubai, Abu Dhabi and across the UAE.",https://cdn.shopify.com/s/files/1/0642/6725/5904/files/ChiliAncho_2.png?v=1750237459,My Store,false,false,exact,"Whole Ancho Chili, El Fresno",https://intermexuae.com/products/el-fresno-whole-ancho-chili,Direct Intermex catalog row matched to CornerMex seed candidate. Founder review required before activation.
48609398-7665-49f4-b6f4-b3b341927afc,CMX-WHOLE-PASILLA-CHILI-EL-FRESNO,"Whole Pasilla Chili,El Fresno",chiles,96.00,50,"Bring authentic flavor to your kitchen with El Fresno Whole Dried Pasilla Chilies . Known for their dark color and rich, mildly spicy profile, these chilies are perfect for creating depth in traditional Mexican dishes like moles, sauces, and soups. 🌶️ Brand: El Fresno 🌶️ 100% whole dried pasilla chiles 🌶️ Mild heat with a deep, raisin-like sweetness 🌶️ Ideal for moles, enchilada sauces, and slow-cooked recipes 🌶️ 100 g pack, great for home cooks exploring Mexican cuisine. Available from Corner Mex for delivery in Dubai, Abu Dhabi and across the UAE.",https://cdn.shopify.com/s/files/1/0642/6725/5904/files/1.png?v=1750234142,My Store,false,false,exact,"Whole Pasilla Chili,El Fresno",https://intermexuae.com/products/el-fresno-whole-pasilla-chili,Direct Intermex catalog row matched to CornerMex seed candidate. Founder review required before activation.
a6481252-4c19-40f8-b134-11caabf1389e,CMX-ARTISANAL-HOT-SAUCE-BASKET-LA-MERIDANA,"Artisanal Hot Sauce Basket, La Meridana",salsas,75.00,50,"A beautifully wrapped gift straight from the heart of Mexico! 🇲🇽 This artisanal basket is filled with four bold and fruity habanero hot sauces from La Meridana, each crafted with authentic Mexican ingredients and packed in a vibrant handwoven basket. 🔥 Includes 4 full-size bottles (150 ml each): 🥭 Mango Habanero – Sweet, tangy, and tropical 🍑 Papaya Habanero – Smooth heat with a fruity twist 🌿 Green Habanero – Earthy, zesty, and herbaceous 🌶 Red Habanero – Classic, bold, and spicy 🎁 Presented in a colorful handwoven basket, making it the perfect gift for chili lovers , foodies, or anyone who loves bold flavors. 💯 100% made in Mexico, 100% unforgettable flavor.",https://cdn.shopify.com/s/files/1/0642/6725/5904/files/1_eafb450a-ed23-4989-8725-5ebeba7c4722.png?v=1750314799,My Store,false,false,exact,"Artisanal Hot Sauce Basket, La Meridana",https://intermexuae.com/products/la-meridana-artisanal-hot-sauce-basket,Direct Intermex catalog row matched to CornerMex seed candidate. Founder review required before activation.
,CMX-SNACK-WHEEL-CHICHARON-50GM,Snack wheel chicharon 50gm,,10.00,50,"Snack Wheel Chicharon 50 g Crispy, light, and full of flavor — our Snack Wheel Chicharon is the perfect anytime treat. Made from a special wheat flour blend and fried to golden perfection, these crunchy pinwheel-shaped bites deliver a satisfying texture with every munch. Seasoned with a tasty mix of spices, they’re delicious on their own or paired with your favorite dips and sauces.",https://cdn.shopify.com/s/files/1/0642/6725/5904/files/WhatsAppImage2025-09-27at4.08.51PM.jpg?v=1758974960,Intermex UAE,false,false,exact,Snack wheel chicharon 50gm,https://intermexuae.com/products/snack-wheel-chicharon-50gm,Direct Intermex catalog row not present in original CornerMex CSV. Founder review required before import/activation.
6afa6991-5ade-4432-9f26-0872fe86cb60,CMX-LA-COSTENA-RANCHERA-SALSA-250GM,La Costeña Ranchera Salsa 250gm,salsas,12.00,50,"La Costeña Ranchera Salsa (250g) delivers bold Mexican flavor with a rich, savory texture, ideal for cooking or serving as a table salsa. Available from Corner Mex for delivery in Dubai, Abu Dhabi and across the UAE.",https://cdn.shopify.com/s/files/1/0642/6725/5904/files/salsaranchera2025.jpg?v=1767610514,Intermex UAE,false,false,exact,La Costeña Ranchera Salsa 250gm,https://intermexuae.com/products/la-costena-ranchera-salsa,Direct Intermex catalog row matched to CornerMex seed candidate. Founder review required before activation.
0e52b97d-274a-4a06-856d-d130e8c3157a,CMX-MAGGI-LIQUID-SEASONING-SAUCE-800ML,Maggi Liquid Seasoning Sauce (800ml),salsas,85.00,50,"A rich and savory liquid seasoning designed for professional kitchens. Bold and umami-packed, it enhances the flavor of soups, marinades, meats, seafood, sauces, and everyday cooking. Available from Corner Mex for delivery in Dubai, Abu Dhabi and across the UAE.",https://cdn.shopify.com/s/files/1/0642/6725/5904/files/maggi800ml.jpg?v=1767613296,Intermex UAE,false,false,exact,Maggi Liquid Seasoning Sauce (800ml),https://intermexuae.com/products/maggi-liquid-seasoning-sauce-800ml,Direct Intermex catalog row matched to CornerMex seed candidate. Founder review required before activation.
c9db4abf-2a02-409f-b5a1-2b9ab4e3a197,CMX-DE-LA-ROSA-CORONADO-BUTTER-RUM-HARD-CANDIES,De la Rosa Coronado Butter Rum Hard Candies,snacks,33.50,50,"Classic Mexican hard candies infused with rich butter .Smooth, sweet, and aromatic, these candies are perfect for enjoying on their own or sharing as a traditional treat. Available from Corner Mex for delivery in Dubai, Abu Dhabi and across the UAE.",https://cdn.shopify.com/s/files/1/0642/6725/5904/files/rumbutter.jpg?v=1767612520,Intermex UAE,false,false,exact,De la Rosa Coronado Butter Rum Hard Candies,https://intermexuae.com/products/de-la-rosa-coronado-butter-rum-hard-candies,Direct Intermex catalog row matched to CornerMex seed candidate. Founder review required before activation.
1b398d00-9cd1-4d38-bb0e-ad9398134240,CMX-MONTES-TOMY-CANDY-100,Montes Tomy Original Candy (100 pieces),snacks,35.50,50,"Classic Mexican hard candies with a rich, sweet flavor and smooth texture. Individually wrapped and perfect for sharing, gifting, or enjoying as a nostalgic everyday treat. Available from Corner Mex for delivery in Dubai, Abu Dhabi and across the UAE.",https://cdn.shopify.com/s/files/1/0642/6725/5904/files/tomy.jpg?v=1767613892,Intermex UAE,false,false,exact,Montes Tomy Original Candy (100 pieces),https://intermexuae.com/products/montes-tomy-original-candy-100-pieces,Direct Intermex catalog row matched to CornerMex seed candidate. Founder review required before activation.
8a45dcb4-1dcc-4d32-b935-e197a9afc2b7,CMX-VERO-RELLERINDOS-MIX-FILLED-CANDIES-80,Vero Rellerindos Mix Filled Candies (80 pieces),snacks,35.00,50,"Assorted Mexican hard candies with a soft, spicy filling. Featuring fruity flavors like mango, tamarind, and watermelon with a chili twist, these candies deliver the perfect balance of sweet, tangy, and spicy in every bite. Available from Corner Mex for delivery in Dubai, Abu Dhabi and across the UAE.",https://cdn.shopify.com/s/files/1/0642/6725/5904/files/rellerindos.jpg?v=1767614204,Intermex UAE,false,false,exact,Vero Rellerindos Mix Filled Candies (80 pieces),https://intermexuae.com/products/vero-rellerindos-mix-filled-candies-80-pieces,Direct Intermex catalog row matched to CornerMex seed candidate. Founder review required before activation.
4bb864d2-9040-4474-a363-a564735bcd81,CMX-LA-COSTENA-PEACH-HALVES-IN-SYRUP,La Costeña Peach Halves in Syrup,masa,24.00,50,"La Costeña Peach Halves in Syrup (820g) deliver sweet, juicy flavor ideal for desserts and baking. Available from Corner Mex for delivery in Dubai, Abu Dhabi and across the UAE.",https://cdn.shopify.com/s/files/1/0642/6725/5904/files/almibar.jpg?v=1767611647,Intermex UAE,false,false,exact,La Costeña Peach Halves in Syrup,https://intermexuae.com/products/la-costena-peach-halves-in-syrup,Direct Intermex catalog row matched to CornerMex seed candidate. Founder review required before activation.
a004310b-86b4-471f-992a-3dbc86225990,CMX-PALETA-PAYASO,Paleta Payaso,snacks,87.00,50,"This marshmallow lollipop features a soft center coated in a smooth layer of chocolate and topped with colourful gummy details. Shaped in a round form with a playful smiling face, it combines fluffy texture, sweet chocolate, and chewy gummies in every bite. A fun and nostalgic treat that’s enjoyed by both kids and adults alike. Available from Corner Mex for delivery in Dubai, Abu Dhabi and across the UAE.",https://cdn.shopify.com/s/files/1/0642/6725/5904/files/paletapayaso.jpg?v=1767351420,Intermex UAE,false,false,exact,Paleta Payaso,https://intermexuae.com/products/paleta-payaso,Direct Intermex catalog row matched to CornerMex seed candidate. Founder review required before activation.
c14e1bd8-4add-4d4a-baa2-3a722c0bdf62,CMX-CHOCO-ROLES-MINI-MARINELA,Choco Roles Mini Marinela,snacks,25.00,50,"Mini chocolate cake rolls filled with pineapple cream, packed in individual portions. Each box contains 8 pieces, making them ideal for everyday cravings, on-the-go snacking, or sharing. Featuring a soft cake base with a sweet pineapple filling and a chocolate coating, these mini rolls can be enjoyed on their own or used to complement a variety of desserts. A convenient and satisfying treat for any occasion. Available from Corner Mex for delivery in Dubai, Abu Dhabi and across the UAE.",https://cdn.shopify.com/s/files/1/0642/6725/5904/files/chocorolesmini.jpg?v=1767351278,Intermex UAE,false,false,exact,Choco Roles Mini Marinela,https://intermexuae.com/products/choco-roles-mini-marinela,Direct Intermex catalog row matched to CornerMex seed candidate. Founder review required before activation.
9f6d4eac-901b-46fc-b2a1-b132f272c574,CMX-FRITOS-LEMON-AND-SALT,Fritos Lemon & Salt,snacks,10.00,50,"Timeless and satisfying, these corn chips deliver a simple, savoury crunch perfect for any moment. With a bold corn taste and a sturdy, scoop-friendly shape, they pair effortlessly with dips or add texture to your Favorite dishes. Ideal for solo snacking or sharing, they’re a go-to choice for anyone who enjoys the honest, comforting flavor of classic corn chips. Available from Corner Mex for delivery in Dubai, Abu Dhabi and across the UAE.",https://cdn.shopify.com/s/files/1/0642/6725/5904/files/fritoslimonysal.jpg?v=1767351137,Intermex UAE,false,false,exact,Fritos Lemon & Salt,https://intermexuae.com/products/fritos-lemon-salt,Direct Intermex catalog row matched to CornerMex seed candidate. Founder review required before activation.
21af1188-cafe-45ea-abd6-143421487dff,CMX-RANCHERITOS,Rancheritos Original,snacks,10.00,50,"These corn-based chips feature a distinctive rectangular shape with a lightly curled texture. Boldly seasoned with a zesty blend of chili and citrus notes, they deliver a tangy, spicy, and savoury crunch in every bite. A flavour-packed snack for those who enjoy an intense and satisfying taste experience. Available from Corner Mex for delivery in Dubai, Abu Dhabi and across the UAE.",https://cdn.shopify.com/s/files/1/0642/6725/5904/files/rancheritos.jpg?v=1767351543,Intermex UAE,false,false,exact,Rancheritos Original,https://intermexuae.com/products/rancheritos-original,Direct Intermex catalog row matched to CornerMex seed candidate. Founder review required before activation.
69883a38-5e92-4c0d-bdf6-264080665fae,CMX-RUFFLES-CHEESE,Ruffles Cheese,snacks,10.00,50,"Every crunchy bite delivers a bold, cheesy flavour paired with a satisfying ridged texture. Rich and savoury notes come together to create a snack that’s full of character and crunch, perfect for cheese lovers looking for a flavour-forward treat. Available from Corner Mex for delivery in Dubai, Abu Dhabi and across the UAE.",https://cdn.shopify.com/s/files/1/0642/6725/5904/files/ruffles2025.jpg?v=1767351601,Intermex UAE,false,false,exact,Ruffles Cheese,https://intermexuae.com/products/ruffles-cheese,Direct Intermex catalog row matched to CornerMex seed candidate. Founder review required before activation.
649af3c4-5cd7-4276-af31-9768f2eb34f3,CMX-MAGGI-SEASONING-SAUCE-100ML,Maggi Seasoning Sauce (100ml),salsas,19.80,50,"Maggi Seasoning Sauce (100ml) delivers deep, savory flavor to elevate any dish. Buy Maggi Seasoning Sauce (100ml) in the UAE. A Mexican sauces and salsas option to add flavour to tacos, snacks, marinades and everyday meals. Use it to add Mexican flavour to tacos, snacks, marinades, sauces or everyday cooking. Available from Corner Mex for delivery in Dubai, Abu Dhabi and across the UAE.",https://cdn.shopify.com/s/files/1/0642/6725/5904/files/magihugo.jpg?v=1767442837,Intermex UAE,false,false,exact,Maggi Seasoning Sauce (100ml),https://intermexuae.com/products/maggi-seasoning-sauce-100ml,Direct Intermex catalog row matched to CornerMex seed candidate. Founder review required before activation.
1d75def4-f6de-4be0-a3ce-91a81951e05d,CMX-HERDEZ-WHITE-CORN,Herdez White Mexican Corn,masa,9.00,50,"Herdez White Mexican Corn (220g) offers naturally sweet, tender kernels, ideal for adding authentic Mexican flavor to your favorite recipes. Available from Corner Mex for delivery in Dubai, Abu Dhabi and across the UAE.",https://cdn.shopify.com/s/files/1/0642/6725/5904/files/eloteblanco.jpg?v=1767441796,Intermex UAE,false,false,exact,Herdez White Mexican Corn,https://intermexuae.com/products/herdez-white-mexican-corn,Direct Intermex catalog row matched to CornerMex seed candidate. Founder review required before activation.
33815979-237c-43da-acd5-9d2a11c1d36d,CMX-LA-COSTENA-JALAPENO-NACHOS-220G,La Costeña Jalapeño Nachos 220g,chiles,9.00,50,"La Costeña Jalapeño Nacho Slices (220g) deliver authentic Mexican heat, ideal for nachos, snacks, and cooking. Available from Corner Mex for delivery in Dubai, Abu Dhabi and across the UAE.",https://cdn.shopify.com/s/files/1/0642/6725/5904/files/nachos-de-jalepeno.jpg?v=1767441927,Intermex UAE,false,false,exact,La Costeña Jalapeño Nachos 220g,https://intermexuae.com/products/la-costena-jalapeno-nacho-slices,Direct Intermex catalog row matched to CornerMex seed candidate. Founder review required before activation.
46d6303f-ca60-438d-8cb7-b52b11de70c4,CMX-LA-COSTENA-REFRIED-BAYO-BEANS-820G,La Costeña Refried Bayo Beans 820g,masa,25.00,50,"La Costeña Refried Bayo Beans (820g) offer a smooth, savory texture, ideal for authentic Mexican meals. Available from Corner Mex for delivery in Dubai, Abu Dhabi and across the UAE.",https://cdn.shopify.com/s/files/1/0642/6725/5904/files/bayosrefritos.jpg?v=1767442213,Intermex UAE,false,false,exact,La Costeña Refried Bayo Beans 820g,https://intermexuae.com/products/la-costena-refried-pinto-beans,Direct Intermex catalog row matched to CornerMex seed candidate. Founder review required before activation.
25cdaab4-5179-482e-9477-3795bfb8a620,CMX-CLEMENTE-JACQUES-CHIPOTLE-PEPPERS-IN-ADOBO,Clemente Jacques Chipotle Peppers in Adobo,chiles,59.00,50,"Clemente Jacques Chipotle Peppers in Adobo 2.8 KG deliver smoky heat and rich flavor, perfect for cooking and sauces. Available from Corner Mex for delivery in Dubai, Abu Dhabi and across the UAE.",https://cdn.shopify.com/s/files/1/0642/6725/5904/files/chipotleadobado.jpg?v=1767442749,Intermex UAE,false,false,exact,Clemente Jacques Chipotle Peppers in Adobo,https://intermexuae.com/products/clemente-jacques-chipotle-peppers-in-adobo,Direct Intermex catalog row matched to CornerMex seed candidate. Founder review required before activation.
c047fb9a-6b06-497e-8da5-990626cfdc3b,CMX-DICED-JALAPENOS-PICADOS,Diced Jalapeños (Picados),chiles,5.00,50,"La Costeña Diced Jalapeños (105g) deliver authentic Mexican heat in finely chopped form, perfect for toppings, snacks, and cooking. Available from Corner Mex for delivery in Dubai, Abu Dhabi and across the UAE.",https://cdn.shopify.com/s/files/1/0642/6725/5904/files/jalepenopicado.jpg?v=1767441711,Intermex UAE,false,false,exact,Diced Jalapeños (Picados),https://intermexuae.com/products/diced-jalapenos-picados,Direct Intermex catalog row matched to CornerMex seed candidate. Founder review required before activation.
d1f39eb2-50a4-4a9e-847a-c322a9282e1e,CMX-LA-COSTENA-WHOLE-GUAVAS-IN-SYRUP,La Costeña Whole Guavas in Syrup,masa,25.00,50,"La Costeña Whole Guavas in Syrup (800g) deliver a sweet, tropical flavor ideal for desserts and baking. Available from Corner Mex for delivery in Dubai, Abu Dhabi and across the UAE.",https://cdn.shopify.com/s/files/1/0642/6725/5904/files/guayaba.jpg?v=1767442468,Intermex UAE,false,false,exact,La Costeña Whole Guavas in Syrup,https://intermexuae.com/products/la-costena-whole-guavas-in-syrup,Direct Intermex catalog row matched to CornerMex seed candidate. Founder review required before activation.
27937f87-7ccb-4c02-bd86-00aeec0ec012,CMX-RUFFLES-MEGA-CRUNCH-RED-SALSA,Ruffles Mega Crunch Red Salsa,snacks,10.00,50,"These extra-crunchy ridged potato chips are seasoned with a bold red-sauce–inspired flavour, perfect for snacking throughout the day or satisfying a sudden craving. Made with potatoes, vegetable oil, and carefully selected seasonings, they deliver an intense crunch and full flavour in every bite. Their generous size makes them ideal for sharing on any occasion. Available from Corner Mex for delivery in Dubai, Abu Dhabi and across the UAE.",https://cdn.shopify.com/s/files/1/0642/6725/5904/files/rufflesspicy.jpg?v=1767351664,Intermex UAE,false,false,exact,Ruffles Mega Crunch Red Salsa,https://intermexuae.com/products/ruffles-mega-crunch-red-salsa,Direct Intermex catalog row matched to CornerMex seed candidate. Founder review required before activation.
178310b8-a9fa-4ac8-92d7-a132263c1613,CMX-CHICHARRON-CHEESE,Chicharron Cheese,snacks,10.00,50,"Light, crunchy chicharrón coated in rich, cheesy flavour. Buy Chicharron Cheese in the UAE. A Mexican snacks and sweets option to enjoy as a snack, share at gatherings or add to a Mexican pantry. Serve it as an everyday snack, share it with friends or include it in a selection of Mexican treats. Available from Corner Mex for delivery in Dubai, Abu Dhabi and across the UAE.",https://cdn.shopify.com/s/files/1/0642/6725/5904/files/CHICHARONCHEESE.jpg?v=1767345853,Intermex UAE,false,false,exact,Chicharron Cheese,https://intermexuae.com/products/chicharron-cheese,Direct Intermex catalog row matched to CornerMex seed candidate. Founder review required before activation.
0323777a-4be6-47b1-abc3-702f3dc81866,CMX-CHICHARRON-FUEGO,Chicharron Fuego,snacks,10.00,50,"Ultra-crispy chicharrón bringing the heat with fiery chili spice. Buy Chicharron Fuego in the UAE. A Mexican snacks and sweets option to enjoy as a snack, share at gatherings or add to a Mexican pantry. Serve it as an everyday snack, share it with friends or include it in a selection of Mexican treats. Available from Corner Mex for delivery in Dubai, Abu Dhabi and across the UAE.",https://cdn.shopify.com/s/files/1/0642/6725/5904/files/CHICHARONFUEGO.jpg?v=1767346037,Intermex UAE,false,false,exact,Chicharron Fuego,https://intermexuae.com/products/chicharron-fuego,Direct Intermex catalog row matched to CornerMex seed candidate. Founder review required before activation.
fb4ab987-c455-4034-adf1-ec6cecb3aeac,CMX-CHICHARRON-GREEN-SAUCE,Chicharron Green Sauce,snacks,10.00,50,"Light, crunchy chicharrón coated in zesty green salsa flavour. Buy Chicharron Green Sauce in the UAE. A Mexican snacks and sweets option to enjoy as a snack, share at gatherings or add to a Mexican pantry. Serve it as an everyday snack, share it with friends or include it in a selection of Mexican treats. Available from Corner Mex for delivery in Dubai, Abu Dhabi and across the UAE.",https://cdn.shopify.com/s/files/1/0642/6725/5904/files/CHICHARON-GREEN-SAUC.jpg?v=1767346115,Intermex UAE,false,false,exact,Chicharron Green Sauce,https://intermexuae.com/products/chicharron-green-sauce,Direct Intermex catalog row matched to CornerMex seed candidate. Founder review required before activation.
8076c481-c8cf-4a80-9f9a-8e818828ea90,CMX-CHURRITOS-CHILI-FLAVOR,Churritos Chili Flavor,snacks,11.50,50,"Extra-crunchy churritos bringing the heat with chili spice. 130g. Buy Churritos Chili Flavor in the UAE. A Mexican snacks and sweets option to enjoy as a snack, share at gatherings or add to a Mexican pantry. Serve it as an everyday snack, share it with friends or include it in a selection of Mexican treats. Available from Corner Mex for delivery in Dubai, Abu Dhabi and across the UAE.",https://cdn.shopify.com/s/files/1/0642/6725/5904/files/CHURRITOSCHILIFLAVOR.jpg?v=1767346203,Intermex UAE,false,false,exact,Churritos Chili Flavor,https://intermexuae.com/products/churritos-chili-flavor,Direct Intermex catalog row matched to CornerMex seed candidate. Founder review required before activation.
3f59816d-b3c5-493a-890d-9dbd64fe8884,CMX-TORTILLA-CHIPS-115GM,Tortilla Chips 115GM,snacks,11.50,50,"Crispy tortilla chips, perfect with salsa, melted cheese, corn, and jalapeños. 115GM. Available from Corner Mex for delivery in Dubai, Abu Dhabi and across the UAE.",https://cdn.shopify.com/s/files/1/0642/6725/5904/files/TORTILLACHIPS.jpg?v=1767346317,Intermex UAE,false,false,exact,Tortilla Chips 115GM,https://intermexuae.com/products/tortilla-chips,Direct Intermex catalog row matched to CornerMex seed candidate. Founder review required before activation.
91748a5b-ea11-4aa9-83c4-acf9838da0b9,CMX-NO-GUILT-NACHOS-CHEDDAR-CHEESE-INZI,"No, Guilt NAchos, cheddar cheese, Inzi",bulk,18.00,50,"Snack clean, crunch loud. Inzi's No Guilt Nachos, cheddar cheese are the perfect balance of bold flavor and better-for-you ingredients, high in protein, rich in fiber, and totally free from the guilt. 🌽 High in protein, 30g per pack 🌽 High in fiber, 15g per pack 🌽 Keto &amp; vegan friendly 🌽 Preservative-free 🌽 Contains prebiotics 🌽 50g resealable bag for guilt-free snacking anytime. Available from Corner Mex for delivery in Dubai, Abu Dhabi and across the UAE.",https://cdn.shopify.com/s/files/1/0642/6725/5904/files/WhatsAppImage2025-10-31at10.37.07AM.jpg?v=1761896072,Intermex UAE,false,false,exact,"No, Guilt NAchos, cheddar cheese, Inzi",https://intermexuae.com/products/no-guilt-nachos-cheddar-cheese-inzi,Direct Intermex catalog row matched to CornerMex seed candidate. Founder review required before activation.
1e64a62d-91c8-4267-b500-53ab551f8ae5,CMX-NO-GUILT-NACHOS-CHILLI-LIME-INZI,"No, Guilt nachos, Chilli Lime Inzi",bulk,18.00,50,"Snack clean, crunch loud. Inzi's No Guilt Nachos, Chili lime are the perfect balance of bold flavor and better-for-you ingredients, high in protein, rich in fiber, and totally free from the guilt. 🌽 High in protein, 30g per pack 🌽 High in fiber, 15g per pack 🌽 Keto &amp; vegan friendly 🌽 Preservative-free 🌽 Contains prebiotics 🌽 50g resealable bag for guilt-free snacking anytime. Available from Corner Mex for delivery in Dubai, Abu Dhabi and across the UAE.",https://cdn.shopify.com/s/files/1/0642/6725/5904/files/WhatsAppImage2025-10-31at10.39.13AM.jpg?v=1761896132,Intermex UAE,false,false,exact,"No, Guilt nachos, Chilli Lime Inzi",https://intermexuae.com/products/no-guilt-nachos-chilli-lime-inzi,Direct Intermex catalog row matched to CornerMex seed candidate. Founder review required before activation.
47cd7ffd-8d14-4433-97a0-024731cf661a,CMX-BARRITAS-DE-PINA,Barritas de Pina,snacks,29.50,50,"Tropical, soft, and delightfully sweet, Marinela Barritas Piña are golden cookie bars filled with tangy pineapple jam. A beloved Mexican treat that’s perfect for snacking on-the-go, lunchboxes, or pairing with coffee or tea. 🍍 Brand: Marinela 🍍 Soft-baked bars with real pineapple filling 🍍 Includes 12 individually wrapped bars 🍍 Ideal for school, work, or afternoon cravings 🍍 Net weight: 402 g. Available from Corner Mex for delivery in Dubai, Abu Dhabi and across the UAE.",https://cdn.shopify.com/s/files/1/0642/6725/5904/files/BarritasPinaBack.png?v=1750274968,My Store,false,false,exact,Barritas de Pina,https://intermexuae.com/products/marinela-barritas-pineapple,Direct Intermex catalog row matched to CornerMex seed candidate. Founder review required before activation.
8e9fe14e-1bc4-46ac-977b-1035558a7eda,CMX-MINI-HOT-SAUCE-SET-HANDWOVEN-GIFT-BASKET-LA-MERIDANA,"Mini Hot Sauce Set – Handwoven Gift Basket, La Meridana",salsas,65.00,50,"Add flavor, fire, and a splash of color to your kitchen! 🌶🎁 This artisanal gift basket features six bold La Meridana hot sauces in mini 50ml bottles , wrapped in a vibrant, handwoven Mexican basket – perfect for gifting or sampling the full range of flavors. 🔥 What’s inside: 🌪 Smoked Habanero – Deep, earthy smoke with a kick 🔥 Toasted Habanero – Rich and roasted for extra depth 🍑 Papaya Habanero – Sweet tropical heat 🥭 Mango Habanero – Fruity fire with balance 🌿 Green Habanero – Fresh and tangy 🌶 Red Habanero – The classic habanero punch 🎁 A thoughtful gift for spice lovers, foodies, or anyone craving authentic Mexican flavor! ✔️ Vegan · Gluten-Free · Made in Mexico · 6 x 50 ml bottles. Available from Corner Mex for delivery in Dubai, Abu Dhabi and across the UAE.",https://cdn.shopify.com/s/files/1/0642/6725/5904/files/1_ccff43ae-3954-4cb4-a5f1-99468b98d73c.png?v=1750315847,My Store,false,false,exact,"Mini Hot Sauce Set – Handwoven Gift Basket, La Meridana",https://intermexuae.com/products/la-meridana-mini-hot-sauce-set-handwoven-gift-basket,Direct Intermex catalog row matched to CornerMex seed candidate. Founder review required before activation.
,CMX-MINI-GANSITO-MARINELA,Mini Gansito (Marinela),,32.00,50,"A delicious bite-sized version of the classic Gansito snack cake. Soft sponge cake filled with rich strawberry jelly and creamy vanilla, covered in smooth chocolate and topped with a sprinkle of chocolate chips. Perfect for sharing, snacking on the go, or enjoying with coffee or milk.",https://cdn.shopify.com/s/files/1/0642/6725/5904/files/gansito.jpg?v=1767349918,Intermex UAE,false,false,exact,Mini Gansito (Marinela),https://intermexuae.com/products/mini-gansito-marinela,Direct Intermex catalog row not present in original CornerMex CSV. Founder review required before import/activation.
2f36cf44-d8ce-427d-894b-dbfc96109f67,CMX-WHOLE-CASCABEL-CHILI,Whole Cascabel Chili,chiles,17.00,50,"Known for their round shape and signature rattle sound, El Fresno Whole Dried Cascabel Chilies offer a mild, nutty flavor with subtle smokiness. These unique chilies are ideal for salsas, sauces, and slow-cooked dishes that need gentle heat and rich flavor. 🌶️ Brand: El Fresno 🌶️ 100% whole dried cascabel chiles 🌶️ Mild heat with earthy, slightly smoky notes 🌶️ Excellent for blending into salsas, soups, sauces, and marinades 🌶️ 1 kg pack, great for bulk use in kitchens, restaurants, or catering. Available from Corner Mex for delivery in Dubai, Abu Dhabi and across the UAE.",https://cdn.shopify.com/s/files/1/0642/6725/5904/files/ChiliCascabal.png?v=1750235843,My Store,false,false,exact,Whole Cascabel Chili,https://intermexuae.com/products/el-fresno-whole-cascabel-chili,Direct Intermex catalog row matched to CornerMex seed candidate. Founder review required before activation.
74634d23-8717-4e06-b465-b21acf8fd7b7,CMX-WHOLE-CHIPOTLE-CHILI-EL-FRESNO,"Whole Chipotle Chili, El Fresno",chiles,22.00,50,"Smoky, bold, and deeply flavorful, El Fresno Whole Dried Chipotle Chilies are jalapeños that have been smoke-dried to perfection. These chilies bring a warm heat and irresistible depth to sauces, stews, marinades, and slow-cooked dishes. 🌶️ Brand: El Fresno 🌶️ 100% whole dried chipotle chiles (smoked jalapeños) 🌶️ Smoky, earthy, and medium-hot flavor 🌶️ Great for making adobo, chili sauces, or adding to beans and braises 🌶️ 100gm pack, perfect for kitchens, restaurants, and food lovers. Available from Corner Mex for delivery in Dubai, Abu Dhabi and across the UAE.",https://cdn.shopify.com/s/files/1/0642/6725/5904/files/Chili-Chipotle-2.png?v=1750233827,My Store,false,false,exact,"Whole Chipotle Chili, El Fresno",https://intermexuae.com/products/el-fresno-whole-chipotle-chili,Direct Intermex catalog row matched to CornerMex seed candidate. Founder review required before activation.
7143479c-3f6c-4316-96b1-7f4108107b00,CMX-WHOLE-CHILE-DE-ARBOL-EL-FRESNO,"Whole Chile de Arbol, El Fresno",chiles,15.00,50,"Packed with fiery flavor and intense aroma, El Fresno Whole Dried Chile de Árbol is a must-have for spice lovers. These slender red chilies deliver a sharp, clean heat that’s perfect for authentic Mexican salsas, hot sauces, infused oils, and marinades. 🌶️ Brand: El Fresno 🌶️ 100% whole dried chile de árbol 🌶️ Bold, spicy flavor with a smoky finish 🌶️ Ideal for salsas, broths, and chili oils 🌶️ Large 1 kg bulk pack, perfect for restaurants and serious chili enthusiasts. Available from Corner Mex for delivery in Dubai, Abu Dhabi and across the UAE.",https://cdn.shopify.com/s/files/1/0642/6725/5904/files/ChiliArbol_1k_1.png?v=1750233258,My Store,false,false,exact,"Whole Chile de Arbol, El Fresno",https://intermexuae.com/products/el-fresno-whole-chile-de-arbol,Direct Intermex catalog row matched to CornerMex seed candidate. Founder review required before activation.
8a3996db-9282-4afc-87c7-aebe52ecd852,CMX-WHOLE-GUAJILLO-CHILI-EL-FRESNO,"Whole Guajillo Chili, El Fresno",chiles,15.00,50,"Add a touch of sweet heat to your dishes with El Fresno Whole Dried Guajillo Chilies . Known for their deep red color and mild-to-medium heat, these smooth-skinned chilies bring fruity, smoky flavor to salsas, marinades, stews, and moles. 🌶️ Brand: El Fresno 🌶️ 100% whole dried guajillo chiles 🌶️ Mild heat with tangy, fruity undertones 🌶️ Perfect for sauces, enchiladas, soups, and traditional moles 🌶️ 100 g pack – great for home kitchens or small food businesses. Available from Corner Mex for delivery in Dubai, Abu Dhabi and across the UAE.",https://cdn.shopify.com/s/files/1/0642/6725/5904/files/ChiliGuajillo.png?v=1750234936,My Store,false,false,exact,"Whole Guajillo Chili, El Fresno",https://intermexuae.com/products/el-fresno-whole-guajillo-chili,Direct Intermex catalog row matched to CornerMex seed candidate. Founder review required before activation.
fffe68cd-d947-4a95-aa43-9cdb3e51cf0f,CMX-ICED-POPSICLES-10,Iced Popsicles 10 Pack,snacks,150.00,50,"Quantity: A box including 10 Iced Popsicles of different flavors Flavors: Chocolate &amp; Coconut Citrus Coconut Lemon &amp; Mint Mango Mango &amp; Spice Mango &amp; Strawberry Mixed Berry Watermelon &amp; Raspberry Strawberry cream Strawberry limon Watermelon Kiwi Please write in the notes your preferred flavors. Available from Corner Mex for delivery in Dubai, Abu Dhabi and across the UAE.",https://cdn.shopify.com/s/files/1/0642/6725/5904/files/10pack.png?v=1755383533,Intermex UAE,false,false,exact,Iced Popsicles 10 Pack,https://intermexuae.com/products/iced-popsicles-6-pack-copy,Direct Intermex catalog row matched to CornerMex seed candidate. Founder review required before activation.
782bf859-3123-4c18-8b8c-2b5d79ca1f86,CMX-ICED-POPSICLES-6,Iced Popsicles 6 Pack,snacks,90.00,50,"Quantity: A box including 6 Iced Popsicles of different flavors Flavors: Chocolate &amp; Coconut Citrus Coconut Lemon &amp; Mint Mango Mango &amp; Spice Mango &amp; Strawberry Mixed Berry Watermelon &amp; Raspberry Strawberry cream Strawberry limon Watermelon Kiwi Please write in the notes your preferred flavors. Available from Corner Mex for delivery in Dubai, Abu Dhabi and across the UAE.",https://cdn.shopify.com/s/files/1/0642/6725/5904/files/6pack.png?v=1755382562,Intermex UAE,false,false,exact,Iced Popsicles 6 Pack,https://intermexuae.com/products/iced-popsicles-6-pack,Direct Intermex catalog row matched to CornerMex seed candidate. Founder review required before activation.
376b66c5-1539-449f-b88a-637febe0ced3,CMX-CORN-TORTILLA-6INCH-500G,"Corn Tortilla, Intermex 6inch 500g",bulk,20.00,50,"Made with tradition in every fold, Intermex Corn Tortillas are crafted from authentic Mexican masa for the perfect texture and taste. Soft, versatile, and full of heritage, they're the foundation of every great taco night. 🌽 Made from traditional corn masa 🌽 Soft, pliable, and easy to heat 🌽 Ideal for tacos, enchiladas, tostadas &amp; more 🌽 500 g pack – perfect for family meals or food service 🌽 Crafted by Intermex, authentic Mexican flavor in every bite. Available from Corner Mex for delivery in Dubai, Abu Dhabi and across the UAE.",https://cdn.shopify.com/s/files/1/0642/6725/5904/files/2_0455f02c-8a8e-4676-9787-8ad60cabf280.png?v=1750510751,My Store,false,false,exact,"Corn Tortilla, Intermex 6inch 500g",https://intermexuae.com/products/corn-tortilla-intermex-copy,Direct Intermex catalog row matched to CornerMex seed candidate. Founder review required before activation.
f1988e13-a1d3-4203-987b-e6dfb2446c7a,CMX-CORN-TORTILLA-4-5-1KG,Corn Tortilla 4.5'' 1kg,bulk,40.00,50,"mexican corn tortilla taquera 4.5''. Buy Corn Tortilla 4.5'' 1kg in the UAE. A Mexican food for wholesale option to stock restaurant kitchens, hospitality operations or retail shelves. A practical option for restaurant kitchens, hospitality operations, catering and retail supply in the UAE. Available from Corner Mex for delivery in Dubai, Abu Dhabi and across the UAE.",https://cdn.shopify.com/s/files/1/0642/6725/5904/files/2_643fbaeb-ab24-4ab5-b025-13fac6b27751.png?v=1752656576,Intermex UAE,false,false,exact,Corn Tortilla 4.5'' 1kg,https://intermexuae.com/products/corn-tortilla-4-5,Direct Intermex catalog row matched to CornerMex seed candidate. Founder review required before activation.
8a1efc1e-5a00-472b-95f1-6f0a26a9bb84,CMX-FLOUR-TORTILLAS-PRE-COOK-500GM,"Flour Tortillas,Pre-cook Intermex 500gm",bulk,22.00,50,"Soft, flexible, and melt-in-your-mouth delicious, Pre-cook with butter made from the finest ingredients, Intermex Flour Tortillas bring authentic Mexican flavor to everything from breakfast burritos to late-night quesadillas. Heat them for seconds, fill them with your favorite ingredients, and enjoy the unmistakable taste of fresh-made tortillas at home. 🌾 Crafted with premium wheat flour for ultra-soft texture 🌾 Resealable 500 g pouch to lock in freshness 🌾 Versatile, great for tacos, burritos, quesadillas &amp; wraps 🌾 Ready to heat and serve in under 30 seconds. Available from Corner Mex for delivery in Dubai, Abu Dhabi and across the UAE.",https://cdn.shopify.com/s/files/1/0642/6725/5904/files/1_08f0cc3b-3952-42a0-8969-81ef87c54cb5.png?v=1750513818,My Store,false,false,exact,"Flour Tortillas,Pre-cook Intermex 500gm",https://intermexuae.com/products/flour-tortillas-intermex-copy,Direct Intermex catalog row matched to CornerMex seed candidate. Founder review required before activation.
bad42070-c81c-40ef-b115-0cb016a326dc,24,Clamato® Original 1.89L,beverages,42.00,50,"Tomato Cocktail From Concentrate A must-have in any Latin kitchen, Clamato® Original blends rich tomato juice with a touch of clam broth for a savory, refreshing flavor. It’s the ultimate mixer for Micheladas , Bloody Marys , and a zesty ingredient in seafood dishes and marinades. 🥫 32 fl oz (1.89L) 🔥 50 calories per serving 🍅 Bold tomato &amp; clam flavor 🍹 Ideal for cocktails, cooking &amp; sipping 🇲🇽 Loved across Mexico and beyond. Available from Corner Mex for delivery in Dubai, Abu Dhabi and across the UAE.",https://cdn.shopify.com/s/files/1/0642/6725/5904/files/1_21b8782b-f880-412c-9615-22772133ba17.png?v=1750934791,My Store,false,false,exact,Clamato® Original 1.89L,https://intermexuae.com/products/clamato®-original,Direct Intermex catalog row matched to CornerMex seed candidate. Founder review required before activation.
,CMX-BANDANAS,Bandanas,,6.00,50,"A timeless accessory with a cultural twist. This single paisley-print bandana is perfect for adding flair to your outfit, whether worn as a headwrap, neck scarf, wrist tie, or bag accent. Lightweight, colorful, and versatile, it's a go-to staple for festivals, everyday style, or traditional celebrations.",https://cdn.shopify.com/s/files/1/0642/6725/5904/files/1_c8c868f0-8b6e-4431-8fad-b5a5e3d3de83.png?v=1750941652,My Store,false,false,exact,Bandanas,https://intermexuae.com/products/bandanas-1,Direct Intermex catalog row not present in original CornerMex CSV. Founder review required before import/activation.
,CMX-CANCUN-BANDANA-CAP,Cancun Bandana Cap,,27.00,50,"Turn heads with this edgy Cancun bandana-style cap featuring a bold skull-and-crossbones print and the playful phrase “Just Another Day in Paradise.” Available in fiery red or classic black, this lightweight cap is perfect for beach days, parties, or just channeling vacation vibes wherever you are. A must-have souvenir with attitude straight from Mexico!",https://cdn.shopify.com/s/files/1/0642/6725/5904/files/1_68f2981a-b910-499a-9237-466add7838db.png?v=1750943669,My Store,false,false,exact,Cancun Bandana Cap,https://intermexuae.com/products/cancun-bandana-cap,Direct Intermex catalog row not present in original CornerMex CSV. Founder review required before import/activation.
,CMX-VIVA-BANDANA,Viva Mexico Bandana,,6.00,50,"Celebrate Mexican pride in bold style with this vibrant ""Viva México"" bandana. Featuring a festive sombrero design, rich green borders with ornate detailing, and a bright yellow center, it’s perfect for national holidays, themed parties, or everyday flair. Wear it, wave it, or decorate with it, this bandana brings the fiesta wherever it goes!",https://cdn.shopify.com/s/files/1/0642/6725/5904/files/1_7a1083b1-f44d-4f59-a2b5-8e727ac8973c.png?v=1750943371,My Store,false,false,exact,Viva Mexico Bandana,https://intermexuae.com/products/viva-mexico-bandana,Direct Intermex catalog row not present in original CornerMex CSV. Founder review required before import/activation.
,CMX-MINI-ZARAPE-COASTER,Mini Mexican Zarape Coaster,,5.00,50,"Add a pop of culture to your home or workspace with this handcrafted mini textile mat, featuring a classic Mexican-inspired pattern in vibrant green, earthy clay, and black. Whether used as a coaster, decorative tray liner, or mini placemat, it brings warmth, texture, and personality to any surface. Finished with fringed edges for a rustic touch.",https://cdn.shopify.com/s/files/1/0642/6725/5904/files/1_3691360a-1f40-41bb-8126-4dc2cd763e0a.png?v=1750942906,My Store,false,false,exact,Mini Mexican Zarape Coaster,https://intermexuae.com/products/mini-mexican-textile-mat,Direct Intermex catalog row not present in original CornerMex CSV. Founder review required before import/activation.
,CMX-MEXICANO-FLORAL-TABLE-RUNNER,Mexicano Floral Table Runner,,95.00,50,"Wrap yourself in the colors of Mexico. This beautifully embroidered Table Runner bursts with vibrant florals inspired by traditional Mexican craftsmanship. Handmade with intricate detailing and bold, festive colors, it’s a perfect decoration. Hand-embroidered design Colorful floral motifs Lightweight and soft with fringe edges Each piece is unique",https://cdn.shopify.com/s/files/1/0642/6725/5904/files/1_a1b16c77-de60-4fa4-9dd1-3eee202ea060.png?v=1750941902,My Store,false,false,exact,Mexicano Floral Table Runner,https://intermexuae.com/products/mexicano-floral-shawl,Direct Intermex catalog row not present in original CornerMex CSV. Founder review required before import/activation.
,CMX-HEAT-RESISTANT-MAT,Heat-resistant mat,,10.00,50,"Add a rustic touch to your table with this heat-resistant mat. Crafted from natural palm fibers, this heat resistant mat combine traditional Mexican weaving techniques with practical everyday use. Lightweight, durable and beautifully detailed, perfect for protecting your surfaces while adding a warm, artisan vibe to your home or party setup.",https://cdn.shopify.com/s/files/1/0642/6725/5904/files/1_eabf25cf-a799-4dc8-8173-4ec3d3d16274.png?v=1750940544,My Store,false,false,exact,Heat-resistant mat,https://intermexuae.com/products/handwoven-palm-coasters,Direct Intermex catalog row not present in original CornerMex CSV. Founder review required before import/activation.
,2,Classic Mexican Straw Sombrero,,157.00,50,"Celebrate Mexican heritage with this authentic straw sombrero, featuring the iconic red, white, and green colors of the Mexican flag. Handwoven from natural palm fibers, makes it lightweight and breathable. Perfect for fiestas, Día de Muertos festivals or just adding a fun cultural touch to your decor. A true symbol of Mexican tradition!",https://cdn.shopify.com/s/files/1/0642/6725/5904/files/1_cb866611-9879-44d4-9e35-64c7b0eb6d95.png?v=1750940285,My Store,false,false,exact,Classic Mexican Straw Sombrero,https://intermexuae.com/products/classic-mexican-straw-sombrero,Direct Intermex catalog row not present in original CornerMex CSV. Founder review required before import/activation.
,CMX-PINATA2GO-PARTY-KIT,Pinata2Go Party Kit,,120.00,50,"Bring the party to life with this ready-to-go piñata kit! Packed with vibrant colors and traditional charm, this classic star-shaped piñata is perfect for birthdays, fiestas, and family gatherings. Easy to assemble and filled with fun, it is a must-have for kids and also adults. Just hang it up, grab a stick, and let the fun begin!",https://cdn.shopify.com/s/files/1/0642/6725/5904/files/1_e2004aa7-60c1-4204-83aa-e4457a2c754f.png?v=1750939801,My Store,false,false,exact,Pinata2Go Party Kit,https://intermexuae.com/products/pinata2go-party-kit,Direct Intermex catalog row not present in original CornerMex CSV. Founder review required before import/activation.
,CMX-ALUMINUM-TORTILLA-PRESS,Aluminum Tortilla Press,,99.00,50,"Traditional Mexican Tortilla Maker Make fresh, homemade tortillas the authentic way! This sturdy aluminum tortilla press, helps you shape perfectly round corn tortillas with ease. Whether you are prepping tacos, tostadas, or sopes, this kitchen essential is a quick and efficient tool that brings a touch of tradition to every meal. Just press, peel, and cook!",https://cdn.shopify.com/s/files/1/0642/6725/5904/files/1_3f40e543-1a5f-4f86-91bb-a1bb7bc5f093.png?v=1750939327,My Store,false,false,exact,Aluminum Tortilla Press,https://intermexuae.com/products/aluminum-tortilla-press,Direct Intermex catalog row not present in original CornerMex CSV. Founder review required before import/activation.
,CMX-MOLCAJETE-TRADITIONAL-MORTAR-AND-PESTLE,"Molcajete, Traditional Mexican Mortar & Pestle",,120.00,50,"Crafted from volcanic stone, this authentic molcajete is a timeless kitchen tool used in Mexican cooking for centuries. Ideal for grinding spices, making salsas, guacamole, and other traditional dishes, it brings out deep, rich flavors that you just can’t get with a blender. Hand-carved with three sturdy legs and a rough texture perfect for crushing ingredients, this molcajete is both functional and a beautiful cultural piece for your kitchen.",https://cdn.shopify.com/s/files/1/0642/6725/5904/files/1_b23f4783-b2aa-4a37-b72b-31f341216873.png?v=1750938781,My Store,false,false,exact,"Molcajete, Traditional Mexican Mortar & Pestle",https://intermexuae.com/products/molcajete-traditional-mexican-mortar-pestle,Direct Intermex catalog row not present in original CornerMex CSV. Founder review required before import/activation.
,CMX-TRADITIONAL-CHARRO-SOMBRERO,Traditional Mexican Charro Sombrero,,150.00,50,"Make a bold statement with this authentic Mexican Charro Sombrero. Handcrafted with luxurious green velvet and intricate silver embroidery, this iconic hat celebrates the rich culture and artistry of Mexico. Perfect for festive occasions, cultural displays, or as a standout decorative piece, it blends tradition with striking style. Made in Mexico Embroidered silver detailing with metallic accents Structured wide brim with classic upturned edges Ideal for celebrations, costumes, or decor",https://cdn.shopify.com/s/files/1/0642/6725/5904/files/1_34ad63b2-9df7-4dfc-9227-1a78f13f4104.png?v=1750936614,My Store,false,false,exact,Traditional Mexican Charro Sombrero,https://intermexuae.com/products/traditional-mexican-charro-sombrero,Direct Intermex catalog row not present in original CornerMex CSV. Founder review required before import/activation.
,CMX-HANDWOVEN-PALM-BASKET-WITH-LID,Handwoven Mexican Palm Basket with Lid,,80.00,50,"Bring a touch of Mexican tradition into your home with this beautifully handwoven palm basket. Crafted by skilled artisans, it features vibrant, colorful detailing and a secure lid adorned with handmade flowers, perfect for holding small items, gifting, or simply as a decorative piece. Each basket is unique, showcasing the charm and character of authentic Mexican craftsmanship. Handmade in Mexico Ideal for gifts, jewelry, keys, or home decor",https://cdn.shopify.com/s/files/1/0642/6725/5904/files/1_8f2de186-f3e2-4055-a4ed-1f3e9c5ed632.png?v=1750936395,My Store,false,false,exact,Handwoven Mexican Palm Basket with Lid,https://intermexuae.com/products/handwoven-mexican-palm-basket-with-lid,Direct Intermex catalog row not present in original CornerMex CSV. Founder review required before import/activation.
381a21e1-1ba5-4a6d-9baf-56720ba6eea0,CMX-TAMARIND-CONCENTRATE-EL-YUCATECO,"Tamarind Concentrate, El Yucateco",beverages,38.00,50,"🍬 Sweet, tangy, and unmistakably Mexican Enjoy the authentic flavor of Tamarind , a beloved Mexican classic made from real tamarind pulp. This concentrate is bold, fruity, and just the right amount of tart — perfect over ice or paired with your favorite snacks. 🌿 Makes up to 4 liters 🌞 Refreshing tropical flavor 🍹 Ideal for aguas frescas or mocktails. Available from Corner Mex for delivery in Dubai, Abu Dhabi and across the UAE.",https://cdn.shopify.com/s/files/1/0642/6725/5904/files/1_cf8e42dd-aa98-466c-bfaf-ef8fe0afc947.png?v=1750935728,My Store,false,false,exact,"Tamarind Concentrate, El Yucateco",https://intermexuae.com/products/el-yucateco-tamarindo-1,Direct Intermex catalog row matched to CornerMex seed candidate. Founder review required before activation.
154b2c14-19d7-467a-ac6c-011e552c45e4,CMX-HORCHATA-CONCENTRATE-EL-YUCATECO,"Horchata Concentrate, El Yucateco",beverages,17.00,50,"🥛 Creamy, sweet, and full of nostalgia A beloved Mexican classic, this Horchata de Arroz concentrate captures the comforting taste of cinnamon-infused rice milk. Just mix with water and ice for a refreshing, milky beverage that’s perfect with any meal or as a sweet treat on its own. 🧋 Makes up to 4 liters 🌾 Creamy rice flavor with a hint of cinnamon ❄️ Best served cold 🇲🇽 A traditional favorite for generations. Available from Corner Mex for delivery in Dubai, Abu Dhabi and across the UAE.",https://cdn.shopify.com/s/files/1/0642/6725/5904/files/1_b603a7cf-addf-4425-b9af-b6a46add2b13.png?v=1750935540,My Store,false,false,exact,"Horchata Concentrate, El Yucateco",https://intermexuae.com/products/el-yucateco-horchata-de-arroz,Direct Intermex catalog row matched to CornerMex seed candidate. Founder review required before activation.
3b29540a-3a52-4c6f-9dd0-1f9753738c23,CMX-JAMAICA-DRINK-CONCENTRATE-EL-YUCATECO,"Jamaica Drink Concentrate, El Yucateco",beverages,19.00,50,"🌺 Traditional Sabor Mexicano This bold and refreshing Jamaica (hibiscus flower) drink concentrate, brings a taste of Mexican tradition straight to your glass. Just mix with cold water and ice to enjoy a naturally tangy, floral-flavored agua fresca — a staple in every Mexican household. 🧃 Makes up to 4 liters 🥤 Rich hibiscus flavor ❄️ Serve cold over ice 🇲🇽 Perfect for meals, fiestas, or a refreshing break. Available from Corner Mex for delivery in Dubai, Abu Dhabi and across the UAE.",https://cdn.shopify.com/s/files/1/0642/6725/5904/files/1_ad72d5b1-06c8-4a0c-b678-7577ed302f14.png?v=1750935152,My Store,false,false,exact,"Jamaica Drink Concentrate, El Yucateco",https://intermexuae.com/products/el-yucateco-jamaica-drink-concentrate,Direct Intermex catalog row matched to CornerMex seed candidate. Founder review required before activation.
8d930941-374c-4010-9836-cde8dbfae5fa,CMX-QUESO-COTIJA-EXCELSIOR-AGED-CHEESE,"Queso Cotija Excelsior, Mexican Aged Cheese",masa,45.00,50,"Queso Cotija Excelsior is a traditional Mexican aged cheese, known for its bold, salty flavor and firm, crumbly texture . Perfect as a finishing touch, this cheese doesn’t melt, making it ideal for sprinkling over tacos, elotes, enchiladas, salads, and more. 🧀 Aged to perfection 🌽 Made with cow's milk 🇲🇽 Authentic Mexican flavor 💡 Similar to Parmesan but with a sharper bite A staple in Mexican cuisine, bring depth and tradition to every dish. Available from Corner Mex for delivery in Dubai, Abu Dhabi and across the UAE.",https://cdn.shopify.com/s/files/1/0642/6725/5904/files/1_b6d7d2b3-ae35-43f8-8d1e-7539109df8dd.png?v=1750748388,My Store,false,false,exact,"Queso Cotija Excelsior, Mexican Aged Cheese",https://intermexuae.com/products/queso-cotija-excelsior-mexican-aged-cheese,Direct Intermex catalog row matched to CornerMex seed candidate. Founder review required before activation.
db70f504-fe88-4a90-9415-426830392bf8,CMX-CACTUS-GUAJILLO-454G,Cactus Guajillo 454g,masa,9.00,50,"A rich blend of traditional flavors, Nopalitos en Salsa de Chile Guajillo from Nopal Foods bring the authentic taste of Mexico to your table. Tender cactus strips (nopalitos) are cooked in a deliciously smoky and mildly spicy guajillo chile sauce. 🌿 Plant-based &amp; nutritious 🌶️ Made with real guajillo chiles 🍅 Great with tacos, tostadas, or as a side 🥫 Net weight: 454g. Available from Corner Mex for delivery in Dubai, Abu Dhabi and across the UAE.",https://cdn.shopify.com/s/files/1/0642/6725/5904/files/1_1e5a184e-3f0b-49d4-8531-856b21243d55.png?v=1750700705,My Store,false,false,exact,Cactus Guajillo 454g,https://intermexuae.com/products/nopal-foods-nopalitos-en-salsa-de-chile-guajillo,Direct Intermex catalog row matched to CornerMex seed candidate. Founder review required before activation.
ae73ff04-7f1d-44ee-940c-3d3115be565c,CMX-LA-COSTENA-JALAPENO-SLICES,"La Costeña, Jalapeño Slices",masa,9.00,50,"Add bold Mexican flavor to any dish with La Costeña Jalapeño Rajas , crisp strips of green jalapeños pickled to perfection in vinegar, carrots, and onions. 🫑 Tangy, spicy &amp; authentic 🫑 Ready-to-use topping for tacos, tortas, nachos &amp; more 🫑 No preservatives added 🫑 Net weight: 220g (Drained: 121g). Available from Corner Mex for delivery in Dubai, Abu Dhabi and across the UAE.",https://cdn.shopify.com/s/files/1/0642/6725/5904/files/1_65a61c1b-7564-483b-a767-ecd29fe8db86.png?v=1750700137,My Store,false,false,exact,"La Costeña, Jalapeño Slices",https://intermexuae.com/products/la-costena-rajas-de-jalapeno,Direct Intermex catalog row matched to CornerMex seed candidate. Founder review required before activation.
a775233f-ef8a-4851-8360-d003e719fc12,CMX-DRIED-CORN-HUSKS,Dried Corn Husks,masa,33.50,50,"Wrap your tamales in tradition with our natural dried corn husks , carefully selected and sun-dried for the perfect hold and steam. 🌽 100% natural and food-safe 🌽 Ideal for tamales. 🌽 Soak in warm water before use for flexibility 🌽 Cleaned and bundled for convenience 🌽 Net weight: approx. 500g bundle. Available from Corner Mex for delivery in Dubai, Abu Dhabi and across the UAE.",https://cdn.shopify.com/s/files/1/0642/6725/5904/files/1_8337b479-4f6f-419d-85d6-e4b17fa1555b.png?v=1750699617,My Store,false,false,exact,Dried Corn Husks,https://intermexuae.com/products/dried-corn-husks,Direct Intermex catalog row matched to CornerMex seed candidate. Founder review required before activation.
a2f80479-540a-413a-89cb-733345390341,CMX-ORGANIC-BLUE-AGAVE-SYRUP-MAYAMEL-510G,"Organic Blue Agave Syrup, Mayamel 510g",masa,39.00,50,"Sweeten naturally with Mayamel Jarabe de Agave Azul , a premium syrup made from 100% organic blue agave. 🌱 Organic and pure – sourced from blue agave plants in Mexico 🌱 Low glycemic index – a healthier alternative to sugar and honey 🌱 Perfect for coffee, tea, smoothies, pancakes, and baking 🌱 Rich amber color and a smooth, delicate flavor 🌱 Packaged in a compact 510g bottle – ideal for home or on-the-go use. Available from Corner Mex for delivery in Dubai, Abu Dhabi and across the UAE.",https://cdn.shopify.com/s/files/1/0642/6725/5904/files/1_e38aa1cc-e559-4523-97d6-8376ba2aff64.png?v=1750699418,My Store,false,false,exact,"Organic Blue Agave Syrup, Mayamel 510g",https://intermexuae.com/products/mayamel-organic-blue-agave-syrup,Direct Intermex catalog row matched to CornerMex seed candidate. Founder review required before activation.
9847514f-ab91-447b-90ac-305ebaf19585,CMX-BLUE-CORN-FLOUR-NATURELO,"Blue Corn Flour, Naturelo",masa,580.00,50,"Naturelo reinvents corn flour with a commitment to sustainability and quality, proudly made in Mexico. 🌽 Environmentally friendly – designed with the planet in mind 🌽 High-performance corn flour for tortillas, tamales, and masa-based recipes 🌽 Packaged in eco-conscious materials 🌽 Produced by a brand that values innovation and responsibility 🌽 Ideal for both industrial kitchens and artisan producers. Available from Corner Mex for delivery in Dubai, Abu Dhabi and across the UAE.",https://cdn.shopify.com/s/files/1/0642/6725/5904/files/1_046d6c1b-fe39-4b68-b0f1-f338ddebe0ac.png?v=1750699134,My Store,false,false,exact,"Blue Corn Flour, Naturelo",https://intermexuae.com/products/naturelo-eco-friendly-corn-flour,Direct Intermex catalog row matched to CornerMex seed candidate. Founder review required before activation.
40ed8949-55c4-4291-b2d7-5bfe01cbcd09,CMX-NIXTAMALIZED-CORN-FLOUR-OMALLI-20KG,"Nixtamalized Corn Flour, Omalli 20kg",masa,500.00,50,"Omalli delivers premium nixtamalized corn flour made from select maize, fortified with essential nutrients to support both health and tradition. 🌽 20kg bulk packaging – ideal for restaurants, taquerías, and large-scale use 🌽 Fortified with folic acid, iron, zinc, and B vitamins (B1, B2, B3) 🌽 Perfect for preparing authentic tortillas, tamales, and masa-based dishes 🌽 Made from nixtamalized maize for richer flavor and better texture 🌽 Naturally gluten-free. Available from Corner Mex for delivery in Dubai, Abu Dhabi and across the UAE.",https://cdn.shopify.com/s/files/1/0642/6725/5904/files/1_e6f669b6-ce5f-45e7-9b6a-e915c2d687c7.png?v=1750692404,My Store,false,false,exact,"Nixtamalized Corn Flour, Omalli 20kg",https://intermexuae.com/products/omalli-nixtamalized-corn-flour,Direct Intermex catalog row matched to CornerMex seed candidate. Founder review required before activation.
02f7e735-dc3d-40b5-bbc1-1818f4e75d28,CMX-MASECA-NIXTAMALIZED-CORN-FLOUR,"Maseca, Nixtamalized Corn Flour",masa,25.50,50,"Bring the heart of Mexican cuisine to your kitchen with Maseca , the leading nixtamalized corn flour made from 100% selected corn. 🌽 Ideal for tortillas, tamales, gorditas, and more 🌽 Naturally gluten-free 🌽 Enriched with folic acid, iron, zinc, and vitamins B1, B2, B3 🌽 Made from whole, selected corn kernels 🌽 1kg of authentic masa harina for all your homemade cravings Traditional taste. Versatile. Nutrient-rich. Your go-to base for real Mexican flavor. Available from Corner Mex for delivery in Dubai, Abu Dhabi and across the UAE.",https://cdn.shopify.com/s/files/1/0642/6725/5904/files/1_d822254c-db0d-43e4-bd14-b7f88992723d.png?v=1750691083,My Store,false,false,exact,"Maseca, Nixtamalized Corn Flour",https://intermexuae.com/products/maseca-nixtamalized-corn-flour,Direct Intermex catalog row matched to CornerMex seed candidate. Founder review required before activation.
3bfa3885-dc89-4196-a2a3-feba77502d5d,CMX-DEHYDRATED-CACTUS,Dehydrated Cactus,masa,25.00,50,"Boost your daily wellness with Nopal Tenochtitlan , a 100% natural dehydrated nopal (cactus) fiber rich in nutrients and completely free from added sugars or preservatives. 🌿 Pure cactus fiber – from dehydrated nopal 🌿 0% added sugars or preservatives 🌿 High in fiber – supports digestion and gut health 🌿 Great for smoothies, juices, or as a daily supplement 🌿 400g resealable pouch for freshness and ease A superfood rooted in Mexican tradition, now modernized for your healthy lifestyle. Clean. Green. Natural. Available from Corner Mex for delivery in Dubai, Abu Dhabi and across the UAE.",https://cdn.shopify.com/s/files/1/0642/6725/5904/files/1_29dcfbc0-5ef9-46b5-af82-591349bd4308.png?v=1750688626,My Store,false,false,exact,Dehydrated Cactus,https://intermexuae.com/products/nopal-tenochtitlan-fibra-de-nopal-deshidratado,Direct Intermex catalog row matched to CornerMex seed candidate. Founder review required before activation.
315bba46-5828-407b-8002-bc260e0638fe,CMX-WHOLE-BLACK-BEANS-LA-SIERRA,Whole Black Beans. La Sierra,masa,38.00,50,"A staple in Mexican kitchens, La Sierra brings you perfectly cooked whole black beans (frijoles negros enteros) ready to heat and enjoy. Whether as a side, in soups, or part of your favorite burrito, these beans are rich in flavor and nutrition. 🫘 Traditional whole black beans 🍽️ Ideal for tacos, soups, rice dishes &amp; more 🥄 Ready-to-eat – no soaking or cooking required 📦 Large 3kg can – great for families or food service 🇲🇽 Product of Mexico. Available from Corner Mex for delivery in Dubai, Abu Dhabi and across the UAE.",https://cdn.shopify.com/s/files/1/0642/6725/5904/files/1_4f4db770-6dc0-43a3-b0ea-b1479ed56703.png?v=1750687848,My Store,false,false,exact,Whole Black Beans. La Sierra,https://intermexuae.com/products/la-sierra-whole-black-beans,Direct Intermex catalog row matched to CornerMex seed candidate. Founder review required before activation.
04a9ab81-0bd9-4a7e-9ba4-799705f04eac,CMX-WHITE-HOMINY-IN-BRINE-EL-MEXICANO-MAIZ-POZOLERO,"White Hominy in Brine, El Mexicano (Maiz Pozolero)",masa,40.00,50,"A pantry essential for traditional Mexican cuisine. El Mexicano’s White Hominy (Maíz Blanco) is prepared and ready to use in hearty dishes like pozole, menudo, or tamales. Each kernel is soaked, softened, and packed in brine to preserve its signature flavor and texture. 🌽 Authentic Mexican-style white hominy 🍲 Ideal for pozole, stews, and soups 🥫 Large 3.01kg tin – perfect for families or catering 💧 Ready-to-use – just rinse and cook. Available from Corner Mex for delivery in Dubai, Abu Dhabi and across the UAE.",https://cdn.shopify.com/s/files/1/0642/6725/5904/files/1_9af8080d-af61-41eb-896b-53915267f1c1.png?v=1750687577,My Store,false,false,exact,"White Hominy in Brine, El Mexicano (Maiz Pozolero)",https://intermexuae.com/products/el-mexicano-white-hominy-in-brine,Direct Intermex catalog row matched to CornerMex seed candidate. Founder review required before activation.
e6e699e2-43f6-476f-a532-7ccd5578225b,CMX-ACHIOTE-PASTE-LA-MERIDANA,Achiote Paste. La Meridana,masa,10.50,50,"Achiote is the heart of Yucatán flavor, earthy, peppery, and beautifully red. La Meridana’s achiote paste is made with annatto seeds, spices, and herbs, perfect for creating cochinita pibil, grilled meats, or rich marinades that taste like home. 🌶️ Authentic Yucatán-style seasoning 🌿 Made with annatto, garlic, and spices 🔥 Ideal for marinades, tacos al pastor, and grilling 💛 Vibrant color and bold flavor in every spoonful.",https://cdn.shopify.com/s/files/1/0642/6725/5904/files/1_665d9e52-38b2-4c55-ad17-fd53877928de.png?v=1750686660,My Store,false,false,exact,Achiote Paste. La Meridana,https://intermexuae.com/products/la-meridana-achiote-paste,Direct Intermex catalog row matched to CornerMex seed candidate. Founder review required before activation.
360f917d-7640-45f1-89bc-2cd326425ddd,CMX-WHITE-HOMINY-IN-BRINE-EL-MEXICANO-822G-MAIZ-POZOLERO,"White Hominy in Brine, El Mexicano 822g (Maiz Pozolero)",masa,18.50,50,"An essential in every traditional Mexican kitchen. These soft, puffy kernels of white hominy are pre-cooked and packed in brine, ready to bring rich texture and authentic flavor to your pozole, soups, and stews. 🌽 Made from 100% nixtamalized white corn 🍲 Perfect for pozole and hearty Mexican soups ✅ No soaking or boiling needed – just heat and serve 🧂 Packed in brine to preserve taste and freshness 🇲🇽 Authentic flavor straight from Mexico to your plate. Available from Corner Mex for delivery in Dubai, Abu Dhabi and across the UAE.",https://cdn.shopify.com/s/files/1/0642/6725/5904/files/1_0ddf533e-6b60-4386-85ef-88d65075a421.png?v=1750686334,My Store,false,false,exact,"White Hominy in Brine, El Mexicano 822g (Maiz Pozolero)",https://intermexuae.com/products/el-mexicano-maiz-blanco-white-hominy-in-brine,Direct Intermex catalog row matched to CornerMex seed candidate. Founder review required before activation.
f604af54-4118-401d-907b-54292a533233,CMX-MAIZENA-CORN-STARCH,Maizena Corn Starch,masa,17.00,50,"The original and trusted kitchen essential in every Mexican household. Maizena’s corn starch is your secret ingredient for creating dishes that are crispier, fluffier, and creamier, from fried favorites to velvety soups and baked treats. 🌽 Made with natural corn 🥞 Perfect for fluffy pancakes &amp; soft cakes 🍗 Adds crispness to fried foods 🥣 Thickens sauces, soups &amp; desserts effortlessly 👩🍳 A versatile pantry staple for sweet or savory recipes. Available from Corner Mex for delivery in Dubai, Abu Dhabi and across the UAE.",https://cdn.shopify.com/s/files/1/0642/6725/5904/files/1_8bb77fd8-59ba-4c26-aec1-5415703ca5c5.png?v=1750684622,My Store,false,false,exact,Maizena Corn Starch,https://intermexuae.com/products/maizena-corn-starch,Direct Intermex catalog row matched to CornerMex seed candidate. Founder review required before activation.
ec2639da-dcc7-44c4-aced-5303078f2f83,CMX-CHOCOLATE-ABUELITA,Chocolate Abuelita,masa,52.50,50,"Warm, nostalgic, and full of flavor, Abuelita is the taste of Mexican tradition in every cup. These classic chocolate tablets are infused with cinnamon and spices, creating a rich, frothy drink when melted into hot milk. Whether it’s for chilly mornings or festive evenings, Abuelita brings comfort straight from la cocina. As sweet as grandma's hug! 🍫 Authentic Mexican-style hot chocolate ☕ Just melt into milk and whisk until frothy 🌶️ Subtle hints of cinnamon and spice 👵🏼 A beloved recipe passed down for generations 📦 6 tablets per pack – makes 6 full liters. Available from Corner Mex for delivery in Dubai, Abu Dhabi and across the UAE.",https://cdn.shopify.com/s/files/1/0642/6725/5904/files/1_564339b9-314c-4f12-9f3c-59def05155c3.png?v=1750684259,My Store,false,false,exact,Chocolate Abuelita,https://intermexuae.com/products/nestle-abuelita-chocolate-drink-tablets,Direct Intermex catalog row matched to CornerMex seed candidate. Founder review required before activation.
d55084b6-3eba-4a4d-bd77-92c797446b60,CMX-GOAT-MILK-CARAMEL-CAJETA-QUEMADA-CORONADO,"Goat Milk Caramel (Cajeta Quemada), Coronado",masa,30.50,50,"Rich, velvety, and unmistakably Mexican, Coronado's Cajeta Quemada is a traditional caramel thick sauce made from goat’s milk, slow-cooked to achieve its deep, toasty flavor. A sweet staple in Mexican households, it's perfect for drizzling over pancakes, fruit, ice cream, or even spooned straight from the bottle. 🍮 Made with 100% goat's milk 🔥 Classic “quemada” (burnt) style for a deeper caramelized taste 🥞 Ideal for desserts, pastries, or breakfast toppings 🇲🇽 Crafted with care in Mexico 📦 660g squeeze bottle – mess-free &amp; easy to use. Available from Corner Mex for delivery in Dubai, Abu Dhabi and across the UAE.",https://cdn.shopify.com/s/files/1/0642/6725/5904/files/1_ed6e7d04-b500-41b5-93d4-378e7290d23d.png?v=1750683882,My Store,false,false,exact,"Goat Milk Caramel (Cajeta Quemada), Coronado",https://intermexuae.com/products/coronado-cajeta-quemada,Direct Intermex catalog row matched to CornerMex seed candidate. Founder review required before activation.
d8e267b1-2bad-4e10-ac3b-0d05b6bd7b01,CMX-CACTUS-IN-BRINE-450G,Cactus in Brine 450g,masa,9.00,50,"Tender cactus strips preserved in a fragrant brine, perfect for adding a fresh and authentic Mexican touch to your meals. These nopales are subtly seasoned to enhance their natural flavor, ideal for salads, tacos, or as a zesty side dish. 🍃 Nopales (cactus) in aromatic brine 🥒 Naturally rich in fiber and antioxidants 🌿 Preserved with herbs for enhanced flavor 🌮 Ready to serve with salads, tacos, or eggs 📦 450g jar, vegan &amp; gluten-free. Available from Corner Mex for delivery in Dubai, Abu Dhabi and across the UAE.",https://cdn.shopify.com/s/files/1/0642/6725/5904/files/1_fb7dfed1-744d-4e68-8f16-a6e9e257f825.png?v=1750683591,My Store,false,false,exact,Cactus in Brine 450g,https://intermexuae.com/products/nopal-foods-nopales-en-salmuera-aromatizada,Direct Intermex catalog row matched to CornerMex seed candidate. Founder review required before activation.
a5e9fbe9-575f-46c7-8da1-2603619d1b93,CMX-PICKLE-CACTUS-NOPALES-EN-ESCABECHE-NOPAL-FOODS,"Pickle Cactus (Nopales en Escabeche), Nopal Foods",masa,10.00,50,"Bring home the goodness of Mexico with tender, sliced nopales (cactus) preserved in brine. A low-calorie, high-fiber staple that’s rich in antioxidants and perfect for tacos, salads, eggs, or even smoothies. 🌵 Traditional Mexican cactus slices 🥗 Great in salads, tacos, and stews 💧 Packed in brine for freshness 🌿 Naturally low in fat &amp; high in fiber 📦 450g jar – ready to serve. Available from Corner Mex for delivery in Dubai, Abu Dhabi and across the UAE.",https://cdn.shopify.com/s/files/1/0642/6725/5904/files/1_ce5d5c58-bd3c-45a6-9668-a4f5f34cc582.png?v=1750683134,My Store,false,false,exact,"Pickle Cactus (Nopales en Escabeche), Nopal Foods",https://intermexuae.com/products/nopal-foods-nopales-en-escabeche,Direct Intermex catalog row matched to CornerMex seed candidate. Founder review required before activation.
eda73f4e-cd02-4946-9626-093deb490f82,CMX-WHOLE-BAYO-BEANS-LA-COSTENA,"Whole Bayo Beans, La Costena",masa,14.50,50,"Wholesome, earthy, and deliciously smooth, these Whole bayo beans (light brown beans) are a Mexican kitchen classic. They are perfect for tostadas, tacos, or as a side dish. 🌿 Made from authentic bayo beans 🥣 Great for traditional plates, bowls, or dips 📦 560g Net Weight in Can Container – pantry-friendly and travel-ready. Available from Corner Mex for delivery in Dubai, Abu Dhabi and across the UAE.",https://cdn.shopify.com/s/files/1/0642/6725/5904/files/1_bad9a7df-3a4b-41c6-8063-4948c64cca89.png?v=1750681491,My Store,false,false,exact,"Whole Bayo Beans, La Costena",https://intermexuae.com/products/la-costena-refried-bayo-beans-1,Direct Intermex catalog row matched to CornerMex seed candidate. Founder review required before activation.
f735790a-4bea-4fce-8073-7538352c1106,CMX-REFRIED-BAYO-BEANS-LA-COSTENA,"Refried Bayo Beans, La  Costeña",masa,14.50,50,"Wholesome, earthy, and deliciously smooth, these refried bayo beans (light brown beans) are a Mexican kitchen classic. Packaged in a convenient pouch for quick heating, they are perfect for tostadas, tacos, or as a side dish. 🌮 Mild and creamy flavor 🌿 Made from authentic bayo beans 🔥 Heat-and-serve pouch – no mess, no fuss 🥣 Great for traditional plates, bowls, or dips 📦 430g pouch – pantry-friendly and travel-read. Available from Corner Mex for delivery in Dubai, Abu Dhabi and across the UAE.",https://cdn.shopify.com/s/files/1/0642/6725/5904/files/1_732b1194-a86b-4701-974e-ec32281f50e9.png?v=1750681219,My Store,false,false,exact,"Refried Bayo Beans, La  Costeña",https://intermexuae.com/products/la-costena-refried-bayo-beans,Direct Intermex catalog row matched to CornerMex seed candidate. Founder review required before activation.
e8c56de9-bea4-41cb-a52e-03823476be7c,CMX-REFRIED-BLACK-BEANS-LA-COSTENA,"Refried Black Beans, La Costena",masa,15.50,50,"Creamy, savory, and ready to heat, these refried black beans are the heart of countless Mexican dishes. Whether you’re spreading them in a burrito, spooning them next to rice, or scooping them with chips, they bring rich, authentic flavor every time. 🫘 Traditional Mexican flavor, ready in minutes 🫘 Smooth, velvety texture 🫘 Perfect for tacos, tostadas, bowls &amp; sides 🫘 580g tin – pantry staple for easy meals. Available from Corner Mex for delivery in Dubai, Abu Dhabi and across the UAE.",https://cdn.shopify.com/s/files/1/0642/6725/5904/files/1_ee1de4d3-7239-48d1-8794-6d326174e3bb.png?v=1750518308,My Store,false,false,exact,"Refried Black Beans, La Costena",https://intermexuae.com/products/la-costena-refried-black-beans,Direct Intermex catalog row matched to CornerMex seed candidate. Founder review required before activation.
11172dc7-eeaa-4657-8da8-1d5e2a25c154,CMX-HUITLACOCHE-LA-COSTENA,"Huitlacoche, La Costeña",masa,35.00,50,"Earthy, bold, and rich in umami, Huitlacoche (Mexican truffle) is a delicacy straight from the cornfields of Mexico. Packed with flavor and tradition, this smoky, mushroom-like ingredient adds a gourmet twist to quesadillas, tacos, and soups. 🍄 Authentic Mexican delicacy 🍄 Smoky, earthy, and slightly sweet 🍄 Ready to use – no prep needed 🍄 380g – ideal for specialty dishes or creative cooking. Available from Corner Mex for delivery in Dubai, Abu Dhabi and across the UAE.",https://cdn.shopify.com/s/files/1/0642/6725/5904/files/1_e12d705c-ca19-403c-9d54-12c7db91a3ed.png?v=1750517904,My Store,false,false,exact,"Huitlacoche, La Costeña",https://intermexuae.com/products/la-costena-huitlacoche-1,Direct Intermex catalog row matched to CornerMex seed candidate. Founder review required before activation.
de25f7c8-2f17-4d7a-b04a-52f323fc728a,CMX-CHIPOTLE-SAUCE-220ML-LA-COSTENA,"Chipotle Sauce 220ml, La Costeña",masa,10.50,50,"Bold, smoky, and made to impress. La Costeña’s Salsa de Chipotle blends rich chipotle peppers with tomato and onion for a full-bodied flavor that transforms tacos, grilled meats, and even sandwiches. 🔥 Authentic chipotle-tomato blend 🔥 Medium heat with deep smoky flavor 🔥 Ready to pour straight from the can 🔥 220g – ideal for meals, marinades, and dips. Available from Corner Mex for delivery in Dubai, Abu Dhabi and across the UAE.",https://cdn.shopify.com/s/files/1/0642/6725/5904/files/1_0cce6d21-77d2-4084-9c81-5408d9da8b44.png?v=1750517587,My Store,false,false,exact,"Chipotle Sauce 220ml, La Costeña",https://intermexuae.com/products/la-costena-salsa-de-chipotle-1,Direct Intermex catalog row matched to CornerMex seed candidate. Founder review required before activation.
6c5a8f17-5b57-4c84-9449-60b3f93f3867,CMX-DICED-CHIPOTLE-PEPPERS-LA-COSTENA,"Diced Chipotle Peppers, La  Costeña",masa,19.00,50,"Smoky, spicy, and deeply rich, La Costeña’s diced chipotle peppers bring that unmistakable heat and depth to any dish. Just a spoonful adds bold flavor to tacos, stews, sauces, and marinades. 🌶️ Authentic smoked chipotle flavor 🌶️ Pre-diced for easy use in recipes 🌶️ Perfect for marinades, tacos, and slow-cooked dishes 🌶️ 230g jar – compact size, big flavor impact. Available from Corner Mex for delivery in Dubai, Abu Dhabi and across the UAE.",https://cdn.shopify.com/s/files/1/0642/6725/5904/files/1_f91adb42-a427-410c-907d-c537d964a4ed.png?v=1750517260,My Store,false,false,exact,"Diced Chipotle Peppers, La  Costeña",https://intermexuae.com/products/la-costena-diced-chipotle-peppers,Direct Intermex catalog row matched to CornerMex seed candidate. Founder review required before activation.
f445315a-2828-46ed-b4c8-4048735f374c,CMX-JALAPENO-NACHOS-PICKLED-LA-COSTENA,"Jalapeño Nachos Pickled, La Costeña",masa,15.00,50,"Add some heat to your plate with La Costeña’s signature nacho-sliced jalapeños. Crunchy, tangy, and fiery enough to kick your tacos, burgers, and quesadillas up a notch. 🌶️ Crisp jalapeño slices pickled to perfection 🌶️ Ready to serve, perfect for nachos, tacos &amp; more 🌶️ Balanced heat with bold Mexican flavor 🌶️ 440g jar, pantry must-have for spice lovers. Available from Corner Mex for delivery in Dubai, Abu Dhabi and across the UAE.",https://cdn.shopify.com/s/files/1/0642/6725/5904/files/1_debf776b-7a4d-4da4-9c64-66292fc0644d.png?v=1750516808,My Store,false,false,exact,"Jalapeño Nachos Pickled, La Costeña",https://intermexuae.com/products/la-costena-pickled-jalapeno-nachos,Direct Intermex catalog row matched to CornerMex seed candidate. Founder review required before activation.
313f21e6-2bbf-435e-9981-cc10613067b3,CMX-BLUE-CORN-MASA-FLOUR-NATURELO,"Blue Corn Masa Flour, Naturelo",masa,23.80,50,"Reinvent your tortillas with the bold, earthy flavor of blue corn. Naturelo’s nixtamalized masa flour is gluten-free, GMO-free, and perfect for making authentic Mexican tortillas, tamales, and more, straight from your kitchen. 🌽 Made from 100% non-GMO blue corn 🌽 Naturally gluten-free &amp; vegan 🌽 Rich, nutty taste and striking color 🌽 Ideal for tortillas, tamales, sopes &amp; more 🌽 1kg bag – resealable and pantry-friendly. Available from Corner Mex for delivery in Dubai, Abu Dhabi and across the UAE.",https://cdn.shopify.com/s/files/1/0642/6725/5904/files/1_51a7b599-1295-4ed7-bd7d-1c71b3a5e707.png?v=1750516246,My Store,false,false,exact,"Blue Corn Masa Flour, Naturelo",https://intermexuae.com/products/naturelo-blue-corn-masa-flour,Direct Intermex catalog row matched to CornerMex seed candidate. Founder review required before activation.
4cd0ccab-bf05-429d-b3a2-20bb336bd0e2,CMX-AGAVE-SYRUP-ORGANIC,Agave Syrup Organic,masa,18.00,50,"Sweeten things up, naturally. B Sweet’s Organic Agave Syrup is your go-to vegan-friendly sweetener, made from pure agave and 30% sweeter than sugar with a lower glycemic index. Great for coffee, smoothies, baking, or drizzling over pancakes! 🍯 USDA Organic Certified 🍯 100% plant-based &amp; vegan 🍯 30% sweeter than sugar – use less, enjoy more 🍯 No added sugars or preservatives 🍯 400g bottle – easy to pour and store. Available from Corner Mex for delivery in Dubai, Abu Dhabi and across the UAE.",https://cdn.shopify.com/s/files/1/0642/6725/5904/files/1_ec05ae2b-ae22-4c14-aba8-b8fdfd09e301.png?v=1750515924,My Store,false,false,exact,Agave Syrup Organic,https://intermexuae.com/products/b-sweet-organic-agave-syrup,Direct Intermex catalog row matched to CornerMex seed candidate. Founder review required before activation.
2f95ab94-c73f-4b0b-92b6-989547755084,CMX-MOLE-PASTE-AZTECA,"Mole Paste, Azteca",masa,50.25,50,"Rich, bold, and deeply traditional. Mole Azteca delivers the full-bodied flavor of authentic Mexican mole in a convenient, foodservice-sized pack, perfect for professional kitchens or mole lovers who just can’t get enough. 🌶️ Classic mole flavor with a smooth, velvety texture 🌶️ Ideal for chicken, enchiladas, and rice dishes 🌶️ Made with a blend of chiles, nuts, spices, and chocolate 🌶️ 1kg pouch – restaurant-ready or great for big batch meals. Available from Corner Mex for delivery in Dubai, Abu Dhabi and across the UAE.",https://cdn.shopify.com/s/files/1/0642/6725/5904/files/1_3065fb79-57d9-4fc1-85ad-34c8aa7035db.png?v=1750515662,My Store,false,false,exact,"Mole Paste, Azteca",https://intermexuae.com/products/mole-azteca-paste,Direct Intermex catalog row matched to CornerMex seed candidate. Founder review required before activation.
a436ebf0-4509-47ed-a02b-29c28bd65338,CMX-MOLE-PASTE-DONA-MARIA,"Mole Paste, Doña María",masa,25.70,50,"Traditional mole, straight from the source. Doña María’s mole paste delivers bold, complex flavor in a concentrated form, just add broth and simmer into the rich, chocolatey sauce every Mexican kitchen swears by. 🌶️ Classic mole recipe with a deep, layered taste 🌶️ Just dilute, stir, and serve over meats or enchiladas 🌶️ Rich in chiles, chocolate, nuts, and spice 🌶️ 235g jar – makes up to 8 generous portions. Available from Corner Mex for delivery in Dubai, Abu Dhabi and across the UAE.",https://cdn.shopify.com/s/files/1/0642/6725/5904/files/1_6267457e-0757-4d05-baea-e5dca999e0a7.png?v=1750515534,My Store,false,false,exact,"Mole Paste, Doña María",https://intermexuae.com/products/dona-maria-mole-paste,Direct Intermex catalog row matched to CornerMex seed candidate. Founder review required before activation.
0510c102-3f3d-4024-98c6-a659c73cc8fe,CMX-MOLE-READY-TO-SERVE-DONA-MARIA,"Mole, Ready to Serve, Doña María",masa,19.00,50,"A Mexican classic made easy. Doña María’s ready-to-serve mole blends rich chocolate, chili, and spice into a velvety sauce that instantly elevates your chicken, enchiladas, or rice dishes — no prep needed. 🍫 Blend of chocolate, chili, nuts, and spices 🍫 Just heat and serve – perfect for busy kitchens 🍫 360g pack – ideal for 3–4 servings. Available from Corner Mex for delivery in Dubai, Abu Dhabi and across the UAE.",https://cdn.shopify.com/s/files/1/0642/6725/5904/files/1_2d051624-6028-4aee-b4ad-109d5276837b.png?v=1750515165,My Store,false,false,exact,"Mole, Ready to Serve, Doña María",https://intermexuae.com/products/dona-maria-mole-ready-to-serve,Direct Intermex catalog row matched to CornerMex seed candidate. Founder review required before activation.
a32ee170-4df9-4f31-ba00-f19729f7bf19,CMX-FLOUR-TORTILLA-500G,Flour Tortilla 500g,bulk,21.00,50,"Soft, flexible, and melt-in-your-mouth delicious, made from the finest ingredients, Intermex Flour Tortillas bring authentic Mexican flavor to everything from breakfast burritos to late-night quesadillas. Heat them for seconds, fill them with your favorite ingredients, and enjoy the unmistakable taste of fresh-made tortillas at home. 🌾 Crafted with premium wheat flour for ultra-soft texture 🌾 Resealable 500 g pouch to lock in freshness 🌾 Versatile, great for tacos, burritos, quesadillas &amp; wraps 🌾 Ready to heat and serve in under 30 seconds. Available from Corner Mex for delivery in Dubai, Abu Dhabi and across the UAE.",https://cdn.shopify.com/s/files/1/0642/6725/5904/files/1_08f0cc3b-3952-42a0-8969-81ef87c54cb5.png?v=1750513818,My Store,false,false,exact,Flour Tortilla 500g,https://intermexuae.com/products/intermex-flour-tortillas,Direct Intermex catalog row matched to CornerMex seed candidate. Founder review required before activation.
512f34b7-305e-497e-b5b7-2c2f39bccbbf,CMX-CHICKEN-CHORIZO,"Mexican Chicken Chorizo, Intermex",bulk,29.00,50,"Lighter in meat, bold in flavor. Intermex’s Mexican Chicken Chorizo delivers the same rich, spicy goodness you love with a leaner twist. Perfect for those who want to keep it lighter without sacrificing that authentic kick. 🌶️ Made with premium seasoned chicken 🌶️ Lower fat, same bold flavor 🌶️ Infused with traditional Mexican spices 🌶️ Great for tacos, rice bowls, or breakfast scrambles 🌶️ Easy to cook – available fresh or frozen. Available from Corner Mex for delivery in Dubai, Abu Dhabi and across the UAE.",https://cdn.shopify.com/s/files/1/0642/6725/5904/files/1_48990b3d-1ce7-4de6-a619-4555d0fc1e3c.png?v=1750513539,My Store,false,false,exact,"Mexican Chicken Chorizo, Intermex",https://intermexuae.com/products/intermex-mexican-chicken-chorizo,Direct Intermex catalog row matched to CornerMex seed candidate. Founder review required before activation.
d3735500-6413-4e03-b3d9-ea8b39affc65,50,"Mexican Beef Chorizo, Intermex",bulk,25.00,50,"Bring bold, smoky heat to your dishes with Intermex’s traditional Mexican Beef Chorizo. Made with premium beef and a punchy blend of spices, this sausage is perfect for tacos, breakfast scrambles, or grilling into juicy perfection. 🌶️ Authentic Mexican-style chorizo 🌶️ Made with high-quality seasoned beef 🌶️ Rich, spicy flavor with a smoky kick 🌶️ Ideal for tacos, burritos, eggs, or grilling 🌶️ Available fresh or frozen – easy to cook and versatile in use. Available from Corner Mex for delivery in Dubai, Abu Dhabi and across the UAE.",https://cdn.shopify.com/s/files/1/0642/6725/5904/files/1_14ddee88-7177-4a27-b8eb-cbcabadf4e3c.png?v=1750513214,My Store,false,false,exact,"Mexican Beef Chorizo, Intermex",https://intermexuae.com/products/intermex-mexican-beef-chorizo,Direct Intermex catalog row matched to CornerMex seed candidate. Founder review required before activation.
fd5ce21a-07bc-49ae-83d3-028d172fca06,CMX-TORTILLA-CHIPS,Tortilla chips,bulk,27.00,50,"Crispy, golden, and made to be dipped! Intermex Classic Tortilla Chips are crafted from stone-ground corn for that authentic crunch and taste. Whether you're scooping guac, layering nachos, or snacking straight from the bowl, these chips deliver a bold bite every time. 🌽 Made from 100% stone-ground corn 🌽 Perfectly crispy for dipping, topping, or snacking solo 🌽 No added preservatives or artificial flavors 🌽 Bold taste, traditional texture 🌽 Ideal for parties, picnics, or everyday cravings. Available from Corner Mex for delivery in Dubai, Abu Dhabi and across the UAE.",https://cdn.shopify.com/s/files/1/0642/6725/5904/files/1_df69f3bb-3de7-4201-95f1-fe01f1174417.png?v=1750512980,My Store,false,false,exact,Tortilla chips,https://intermexuae.com/products/intermex-classic-tortilla-chips,Direct Intermex catalog row matched to CornerMex seed candidate. Founder review required before activation.
2e339671-0295-49a4-a7a9-8f606aced012,CMX-GOLDEN-TOSTADAS-10,"Golden Tostadas 10 pieces, Intermex",bulk,17.00,50,"Intermex Golden Tostadas are lightly toasted corn discs made the authentic Mexican way, golden, crispy, and made to be topped. Ideal for layering with beans, meats, veggies, or enjoying straight from the bag. 🌽 Made from 100% corn, authentic and gluten-free 🌽 Perfectly crisp for layering or dipping 🌽 No preservatives or additives 🌽 Ready-to-use and restaurant-quality 🌽 200g pack – crafted for sharing or storing. Available from Corner Mex for delivery in Dubai, Abu Dhabi and across the UAE.",https://cdn.shopify.com/s/files/1/0642/6725/5904/files/1_fb67a977-544b-4c92-aa87-bfb38976cb9c.png?v=1750512432,My Store,false,false,exact,"Golden Tostadas 10 pieces, Intermex",https://intermexuae.com/products/golden-tostadas,Direct Intermex catalog row matched to CornerMex seed candidate. Founder review required before activation.
4fdeba5b-1d3f-45b4-80da-ff4285335ff3,CMX-TOSTADAS-WITH-SESAME-SEEDS-10,"Tostadas with sesame seeds, Intermex (10 pieces)",bulk,17.00,50,"Crispy, bold, and ready to top! Intermex Tostadas are made from stone-ground corn and baked to a perfect crunch, the ideal base for your favorite Mexican flavors. 🌽 Made with authentic stone-ground corn 🌽 Crunchy and sturdy, perfect for piling on toppings 🌽 Lightly toasted with a bold, nutty flavor 🌽 Great for tostadas, ceviche, or snack platters 🌽 250g pack – resealable and ready to serve anytime. Available from Corner Mex for delivery in Dubai, Abu Dhabi and across the UAE.",https://cdn.shopify.com/s/files/1/0642/6725/5904/files/1_c9617a7a-9c51-4586-a653-20cd61fa4bb7.png?v=1750510954,My Store,false,false,exact,"Tostadas with sesame seeds, Intermex (10 pieces)",https://intermexuae.com/products/intermex-tostadas,Direct Intermex catalog row matched to CornerMex seed candidate. Founder review required before activation.
550aa5f0-b30a-45f8-9b10-be1782410596,CMX-CORN-TORTILLA-6INCH-500GM,"Corn Tortilla 6inch, Intermex 500gm",bulk,20.00,50,"Made with tradition in every fold, Intermex Corn Tortillas are crafted from authentic Mexican masa for the perfect texture and taste. Soft, versatile, and full of heritage, they're the foundation of every great taco night. 🌽 Made from traditional corn masa 🌽 Soft, pliable, and easy to heat 🌽 Ideal for tacos, enchiladas, tostadas &amp; more 🌽 500 pack – perfect for family meals or food service 🌽 Crafted by Intermex, authentic Mexican flavor in every bite. Available from Corner Mex for delivery in Dubai, Abu Dhabi and across the UAE.",https://cdn.shopify.com/s/files/1/0642/6725/5904/files/2_0455f02c-8a8e-4676-9787-8ad60cabf280.png?v=1750510751,My Store,false,false,exact,"Corn Tortilla 6inch, Intermex 500gm",https://intermexuae.com/products/intermex-corn-tortilla,Direct Intermex catalog row matched to CornerMex seed candidate. Founder review required before activation.
c95678e5-669d-49e4-aba7-394876dfc759,CMX-NO-GUILT-CHURRITOS-INZI,"No Guilt Churritos, Inzi",bulk,22.00,50,"Crunch with a kick. Inzi’s No Guilt Churritos bring the zing of chili and lime in every bite — bold in flavor, clean in ingredients, and made to keep you going without the guilt. 🍋 High in protein, 30g per pack 🍋 Packed with fiber, 15g per pack 🍋 Keto &amp; vegan friendly 🍋 Zesty chili-lime flavor 🍋 65g resealable bag, your go-to snack with a twist. Available from Corner Mex for delivery in Dubai, Abu Dhabi and across the UAE.",https://cdn.shopify.com/s/files/1/0642/6725/5904/files/WhatsAppImage2025-10-08at12.26.54PM.jpg?v=1759914967,My Store,false,false,exact,"No Guilt Churritos, Inzi",https://intermexuae.com/products/inzi-no-guilt-churritos,Direct Intermex catalog row matched to CornerMex seed candidate. Founder review required before activation.
34ba66f6-dde2-4b14-ad25-46ae10238890,CMX-NO-GUILT-NACHOS-INZI,"No Guilt Nachos,Inzi",bulk,18.00,50,"Snack clean, crunch loud. Inzi's No Guilt Nachos are the perfect balance of bold flavor and better-for-you ingredients, high in protein, rich in fiber, and totally free from the guilt. 🌽 High in protein, 30g per pack 🌽 High in fiber, 15g per pack 🌽 Keto &amp; vegan friendly 🌽 Preservative-free 🌽 Contains prebiotics 🌽 50g resealable bag for guilt-free snacking anytime. Available from Corner Mex for delivery in Dubai, Abu Dhabi and across the UAE.",https://cdn.shopify.com/s/files/1/0642/6725/5904/files/WhatsAppImage2025-10-31at10.36.47AM.jpg?v=1761898331,My Store,false,false,exact,"No Guilt Nachos,Inzi",https://intermexuae.com/products/inzi-no-guilt-nachos,Direct Intermex catalog row matched to CornerMex seed candidate. Founder review required before activation.
3ee9b933-4879-4ed5-afc5-d10c6e478c0e,CMX-CHAMOY-SAUCE-EL-CHILERITO-1LT,"Chamoy Sauce, El Chilerito 1lt",salsas,33.50,50,"Sweet, sour, spicy, the holy trinity of Mexican flavor in a bottle. El Chilerito Salsa Chamoy is a bold and tangy chamoy sauce perfect for drizzling on fruit, snacks, and even cocktails. It’s the ultimate party essential! 🌶️ Brand: El Chilerito 🌶️ Sweet, tangy, and mildly spicy 🌶️ Classic chamoy made for fruit, chips, and drinks 🌶️ Loved for micheladas, mangonadas, and candy dips 🌶️ 1L bottle – perfect for sharing or stocking up. Available from Corner Mex for delivery in Dubai, Abu Dhabi and across the UAE.",https://cdn.shopify.com/s/files/1/0642/6725/5904/files/1_26b2d769-6dcc-4141-8b94-77ef16acaa99.png?v=1750338490,My Store,false,false,exact,"Chamoy Sauce, El Chilerito 1lt",https://intermexuae.com/products/el-chilerito-salsa-chamoy,Direct Intermex catalog row matched to CornerMex seed candidate. Founder review required before activation.
787ba3af-b2ff-4696-85fe-740b9ca0b6f8,CMX-GUACAMOLE-SALSA-LA-COSTENA,"Guacamole Salsa, La Costeña",salsas,0.00,50,"Creamy, zesty, and ready to pour — La Costeña Guacamole Salsa brings together the rich texture of avocado with a mild spice for a perfect finishing touch to tacos, nachos, burgers, or grilled veggies. No chopping, no mashing — just open and enjoy! 🌶️ Brand: La Costeña 🌶️ Smooth avocado-based salsa 🌶️ Mild heat with fresh lime and onion flavor 🌶️ Perfect for tacos, nachos, salads, or dipping 🌶️ 445 g bottle – easy to pour and serve. Available from Corner Mex for delivery in Dubai, Abu Dhabi and across the UAE.",https://cdn.shopify.com/s/files/1/0642/6725/5904/files/1_90bae10e-f297-46ea-81a6-365684d80613.png?v=1750338212,My Store,false,false,exact,"Guacamole Salsa, La Costeña",https://intermexuae.com/products/la-costena-guacamole-salsa,Direct Intermex catalog row matched to CornerMex seed candidate. Founder review required before activation.
3aa331ad-507c-4cb9-8e55-80626ad60135,CMX-HOMESTYLE-SAUCE-LA-COSTENA,"Homestyle Sauce, La Costeña",salsas,5.00,50,"A classic, fire-roasted flavor straight from the Mexican kitchen. La Costeña Salsa Casera Mexicana (Tatemada) is made with roasted tomatoes, onions, and chilies to give you that authentic, homemade taste. A must-have for tacos, eggs, or grilled meats. 🌶️ Brand: La Costeña 🌶️ Roasted tomato-based Mexican-style salsa 🌶️ Medium heat with a smoky, homemade flavor 🌶️ Ideal for topping tacos, eggs, grilled chicken or steak 🌶️ 250 g bottle – rich, thick texture. Available from Corner Mex for delivery in Dubai, Abu Dhabi and across the UAE.",https://cdn.shopify.com/s/files/1/0642/6725/5904/files/1_05539e60-792c-45e3-93eb-f20f68c403e7.png?v=1750337897,My Store,false,false,exact,"Homestyle Sauce, La Costeña",https://intermexuae.com/products/la-costena-salsa-casera-mexicana,Direct Intermex catalog row matched to CornerMex seed candidate. Founder review required before activation.
9b5990ce-af3b-40a2-a65e-092131581ccd,CMX-GUACAMOLE-SAUCE-250GM-LA-COSTENA,"Guacamole Sauce 250gm, La Costeña",salsas,19.50,50,"Creamy, zesty, and perfectly spiced! La Costeña Salsa de Guacamole brings the smooth taste of avocado with a tangy kick of green chili — all in one pourable sauce. Drizzle it on tacos, nachos, or grilled veggies for instant flavor. 🌶️ Brand: La Costeña 🌶️ Avocado-based creamy green sauce 🌶️ Tangy, mildly spicy guacamole flavor 🌶️ Perfect for tacos, nachos, salads, and more 🌶️ 250 g bottle – smooth, pourable consistency. Available from Corner Mex for delivery in Dubai, Abu Dhabi and across the UAE.",https://cdn.shopify.com/s/files/1/0642/6725/5904/files/1_eea26e81-3a9f-4eb6-9a0d-6d78b581899c.png?v=1750337531,My Store,false,false,exact,"Guacamole Sauce 250gm, La Costeña",https://intermexuae.com/products/la-costena-salsa-de-guacamole,Direct Intermex catalog row matched to CornerMex seed candidate. Founder review required before activation.
0f392ecd-7f8e-4b7a-96f7-4c9c5d1fafca,CMX-GREEN-SAUCE-250G-LA-COSTENA,"Green Sauce 250g, La Costeña",salsas,4.00,50,"Zesty, bright, and full of flavor. La Costeña Salsa Verde is made with fresh tomatillos and green chiles for a tangy punch with just the right amount of heat. It’s a must-have for tacos, eggs, enchiladas, and everything in between. 🌶️ Brand: La Costeña 🌶️ Made with tomatillos &amp; green chiles 🌶️ Tangy, mildly spicy flavor 🌶️ Ideal for tacos, grilled meats, and breakfast dishes 🌶️ 250 g glass bottle – traditional salsa texture. Available from Corner Mex for delivery in Dubai, Abu Dhabi and across the UAE.",https://cdn.shopify.com/s/files/1/0642/6725/5904/files/lacostenagreen.jpg?v=1767352307,My Store,false,false,exact,"Green Sauce 250g, La Costeña",https://intermexuae.com/products/la-costena-salsa-verde,Direct Intermex catalog row matched to CornerMex seed candidate. Founder review required before activation.
b870d333-5d47-4322-bfee-79fb63726d37,CMX-HOT-SAUCE-LA-COSTENA,"Hot Sauce, La Costeña",salsas,3.00,50,"Classic Mexican heat in a handy bottle. La Costeña Salsa Picante blends ripe red chiles, tomatoes, and spices into a smooth, fiery sauce that perks up tacos, grilled meats, soups—or anything that needs a quick kick. 🌶️ Brand: La Costeña 🌶️ Smooth, pourable consistency 🌶️ Medium-hot chile flavor with tangy tomato notes 🌶️ Great for marinades, eggs, tacos, and snacks 🌶️ 140 ml glass bottle – perfect table-top size. Available from Corner Mex for delivery in Dubai, Abu Dhabi and across the UAE.",https://cdn.shopify.com/s/files/1/0642/6725/5904/files/1_7675837c-ffe0-45eb-8e5d-d4b1d07c07c6.png?v=1750336868,My Store,false,false,exact,"Hot Sauce, La Costeña",https://intermexuae.com/products/la-costena-salsa-picante,Direct Intermex catalog row matched to CornerMex seed candidate. Founder review required before activation.
88672915-662b-4735-ae50-f95a39960f1a,CMX-DIP-SAUCE-MEDIUM-LA-COSTENA,"Dip Sauce Medium, LA Costeña",salsas,17.50,50,"A smooth balance of flavor and spice, La Costeña Salsa Dip Medium offers a rich tomato base blended with mild chilies and onions for that perfect, family-friendly dip. Great with chips, tacos, or as a party favorite. 🌶️ Brand: La Costeña 🌶️ Mild-to-medium spice level for all palates 🌶️ Made with tomatoes, green peppers &amp; onion 🌶️ Smooth and scoopable texture 🌶️ 453 g jar. Available from Corner Mex for delivery in Dubai, Abu Dhabi and across the UAE.",https://cdn.shopify.com/s/files/1/0642/6725/5904/files/1_93d85132-418e-481e-b140-75d67da0345d.png?v=1750336550,My Store,false,false,exact,"Dip Sauce Medium, LA Costeña",https://intermexuae.com/products/la-costena-salsa-dip-medium,Direct Intermex catalog row matched to CornerMex seed candidate. Founder review required before activation.
e4ba72c2-3b9d-445b-842f-8299a40cc688,CMX-DIP-HOT-SAUCE-LA-COSTENA,"Dip Hot Sauce, La Costeña",salsas,17.50,50,"Turn up the heat on snack time! La Costeña Salsa Dip Hot blends bold tomatoes, green peppers, and just the right spice for a chunky, fiery dip perfect for chips, nachos, or even drizzling over tacos. 🌶️ Brand: La Costeña 🌶️ Chunky texture with a hot, flavorful kick 🌶️ Perfect for dipping, topping, or cooking 🌶️ Made with real tomatoes, chilies, and spices 🌶️ 453 g jar. Available from Corner Mex for delivery in Dubai, Abu Dhabi and across the UAE.",https://cdn.shopify.com/s/files/1/0642/6725/5904/files/1_255bf4b6-0eed-463a-a0dc-651b4abe67ca.png?v=1750336159,My Store,false,false,exact,"Dip Hot Sauce, La Costeña",https://intermexuae.com/products/la-costena-salsa-dip-hot,Direct Intermex catalog row matched to CornerMex seed candidate. Founder review required before activation.
bbe2ece6-d654-40cb-a5d0-062c7d157007,CMX-GREEN-SAUCE-HABANERO-LA-COSTENA,"Green Sauce Habanero, La Costeña",salsas,3.00,50,"Zesty, fresh, and packing a punch, La Costeña Salsa de Habanero Verde brings green habanero fire to your meals with a bright and tangy twist. A go-to for taco nights, grilled meats, and savory breakfasts. 🌶️ Brand: La Costeña 🌶️ Made with green habanero chiles 🌶️ Tangy and bold with a vibrant heat 🌶️ Ideal for eggs, tacos, meats &amp; more 🌶️ 145 ml glass bottle. Available from Corner Mex for delivery in Dubai, Abu Dhabi and across the UAE.",https://cdn.shopify.com/s/files/1/0642/6725/5904/files/1_809efe8e-3b62-49cd-a950-3a69dfc760c5.png?v=1750329636,My Store,false,false,exact,"Green Sauce Habanero, La Costeña",https://intermexuae.com/products/la-costena-salsa-de-habanero-verde,Direct Intermex catalog row matched to CornerMex seed candidate. Founder review required before activation.
8c7c8614-0945-4025-af74-938477a87a81,CMX-RED-HABANERO-SAUCE,Red Habanero Sauce,salsas,3.00,50,"Turn up the heat! La Costeña Salsa de Habanero Rojo delivers a fiery burst of red habanero flavor that spice lovers crave. With bold notes and just the right kick, it’s the perfect match for meats, tacos, and even soups. 🌶️ Brand: La Costeña 🌶️ Made with red habanero chiles 🌶️ Extra hot with full-bodied chile flavor 🌶️ Perfect for tacos, meats, soups, and marinades 🌶️ 145 ml glass bottle. Available from Corner Mex for delivery in Dubai, Abu Dhabi and across the UAE.",https://cdn.shopify.com/s/files/1/0642/6725/5904/files/1_e9f344e1-af9e-42f1-9bee-68df6c718e35.png?v=1750329285,My Store,false,false,exact,Red Habanero Sauce,https://intermexuae.com/products/la-costena-salsa-de-habanero-rojo,Direct Intermex catalog row matched to CornerMex seed candidate. Founder review required before activation.
0852316b-5dd6-4077-be8b-86da82c06801,CMX-CHIPOTLE-SAUCE-LA-COSTENA,"Chipotle Sauce,La Costeña",salsas,7.60,50,"Smoky, rich, and full of flavor, La Costeña Salsa de Chipotle brings traditional Mexican heat straight to your plate. Made with real chipotle peppers, this bold sauce adds depth and warmth to everything from tacos to grilled meats. 🌶️ Brand: La Costeña 🌶️ Made with authentic chipotle chiles 🌶️ Smoky, medium heat with a tangy kick 🌶️ Ideal for marinades, tacos, or dipping 🌶️ 140 ml glass bottle. Available from Corner Mex for delivery in Dubai, Abu Dhabi and across the UAE.",https://cdn.shopify.com/s/files/1/0642/6725/5904/files/1_f33d7ea5-70be-44bc-b53f-c50a835c4f64.png?v=1750328539,My Store,false,false,exact,"Chipotle Sauce,La Costeña",https://intermexuae.com/products/la-costena-salsa-de-chipotle,Direct Intermex catalog row matched to CornerMex seed candidate. Founder review required before activation.
854a63cf-cd0e-4cf7-9922-03765a15dc5b,CMX-DRIED-CHILIES-CRACKLING-LA-CONSPIRACION,"Dried chilies crackling, La Conspiración",salsas,33.50,50,"Crunch meets heat in this rich and smoky blend, La Conspiración Chicharrón de Mezcla de Chiles Secos combines crispy chicharrón (chili rind cracking) with a handcrafted mix of dried Mexican chilies. It’s bold, intense, and seriously addictive, perfect as a topping, snack, or spicy sidekick. 🌶️ Brand: La Conspiración 🌶️ Handcrafted blend of dried chilies crackling 🌶️ Deep, smoky flavor with a crunchy texture 🌶️ Great with tacos, tostadas, or straight from the jar 🌶️ 250 g glass jar. Available from Corner Mex for delivery in Dubai, Abu Dhabi and across the UAE.",https://cdn.shopify.com/s/files/1/0642/6725/5904/files/1_6c833af3-3d69-4102-9293-150f719d8e78.png?v=1750328110,My Store,false,false,exact,"Dried chilies crackling, La Conspiración",https://intermexuae.com/products/la-conspiracion-chicharron-de-mezcla-de-chiles-secos,Direct Intermex catalog row matched to CornerMex seed candidate. Founder review required before activation.
fda180e9-9166-498a-abfa-6f30cf3ae2f4,CMX-ALEBRIJE-MANGO-AND-HABANERO-JAM-LA-CONSPIRACION,"Alebrije Mango & Habanero Jam, La Conspiración",salsas,25.50,50,"Sweet with a fiery spirit, La Conspiración Alebrije blends ripe mango with the bold kick of habanero chili to create an artisanal jam that’s anything but ordinary. Perfect with cheese boards, grilled meats, or simply spread on warm toast. 🌶️ Brand: La Conspiración 🌶️ Flavor combo: juicy mango + spicy habanero 🌶️ Ideal for savory-sweet pairings 🌶️ Small-batch, Mexican-made goodness 🌶️ 250 g glass jar. Available from Corner Mex for delivery in Dubai, Abu Dhabi and across the UAE.",https://cdn.shopify.com/s/files/1/0642/6725/5904/files/1_d212874f-ce6b-494a-a159-72f8f2949827.png?v=1750327556,My Store,false,false,exact,"Alebrije Mango & Habanero Jam, La Conspiración",https://intermexuae.com/products/la-conspiracion-alebrije-mango-habanero-jam,Direct Intermex catalog row matched to CornerMex seed candidate. Founder review required before activation.
365e882a-22e1-4903-b4a4-19246f0a8407,CMX-PINERA-SAUCE-LA-CONSPIRACION,"Piñera Sauce,La Conspiración",salsas,25.50,50,"Sweet meets heat in this tropical sensation, Salsa Piñera blends juicy pineapple with bold habanero for a vibrant salsa that’s fruity, fiery, and unforgettable. Ideal for grilled shrimp, tacos al pastor, or even spooned over cream cheese. 🌶️ Brand: La Conspiración 🌶️ Made with real pineapple &amp; habanero 🌶️ Tropical, tangy, and spicy 🌶️ Delicious on seafood, white meats, or chips 🌶️ 250 g glass jar. Available from Corner Mex for delivery in Dubai, Abu Dhabi and across the UAE.",https://cdn.shopify.com/s/files/1/0642/6725/5904/files/1_113fee27-29cc-4704-aea5-98d86dfcb949.png?v=1750326859,My Store,false,false,exact,"Piñera Sauce,La Conspiración",https://intermexuae.com/products/la-conspiracion-salsa-pinera,Direct Intermex catalog row matched to CornerMex seed candidate. Founder review required before activation.
33c67f19-89c3-4ef8-88d9-9101acf04f3d,CMX-BICHOLA-SAUCE-LA-CONSPIRACION,"Bichola Sauce, La Conspiración",salsas,25.50,50,"A smoky-sweet salsa with depth and bold personality, Salsa Bichola combines rich chipotle heat with a surprising twist of hibiscus (jamaica) for a one-of-a-kind flavor. Earthy, tangy, and deliciously addictive. 🌶️ Brand: La Conspiración 🌶️ Made with hibiscus (jamaica) &amp; smoked chipotle 🌶️ Sweet, tangy, and mildly spicy 🌶️ Perfect on grilled meats, tacos al pastor, or roasted veggies 🌶️ 250 g glass jar. Available from Corner Mex for delivery in Dubai, Abu Dhabi and across the UAE.",https://cdn.shopify.com/s/files/1/0642/6725/5904/files/1_0dcdc677-6d59-4065-ab3a-cfcf79d45bcc.png?v=1750326182,My Store,false,false,exact,"Bichola Sauce, La Conspiración",https://intermexuae.com/products/la-conspiracion-salsa-bichola,Direct Intermex catalog row matched to CornerMex seed candidate. Founder review required before activation.
3fcac2d1-65ae-4d46-8593-8c843779286d,CMX-BICHI-SAUCE-LA-CONSPIRATION,"Bichi Sauce, La Conspiration",salsas,25.50,50,"Creamy, zesty, and undeniably fresh — Salsa Bichi is a smooth blend of serrano chiles, cilantro, and crema that brings a herbaceous heat to your dishes. Perfect for tacos, grilled corn, seafood, or as a dip for chips. 🌶️ Brand: La Conspiración 🌶️ Made with serrano chiles, cilantro &amp; cream 🌶️ Mild heat with rich, creamy texture 🌶️ Great on tacos, tostadas, or veggies 🌶️ 250 g glass jar. Available from Corner Mex for delivery in Dubai, Abu Dhabi and across the UAE.",https://cdn.shopify.com/s/files/1/0642/6725/5904/files/1_1b819d58-7136-4702-b6a2-d867ad76a544.png?v=1750324435,My Store,false,false,exact,"Bichi Sauce, La Conspiration",https://intermexuae.com/products/la-conspiracion-salsa-bichi,Direct Intermex catalog row matched to CornerMex seed candidate. Founder review required before activation.
40d1f547-99c9-4441-a1be-1d5b773516af,CMX-MOJITO-GREEN-SAUCE-LA-CONSPIRACION,"Mojito Green Sauce, La Conspiración",salsas,25.50,50,"A refreshingly bold twist on salsa, Salsa Mojito Verde by La Conspiración combines roasted chiles with fresh spearmint for a zesty, herbaceous kick. Bright, slightly smoky, and completely unique, it’s a flavorful topping or marinade for tacos, grilled veggies, seafood, or even salads. 🌿 Brand: La Conspiración 🌿 Made with spearmint &amp; roasted chiles 🌿 Herbal, smoky, and tangy flavor profile 🌿 Perfect for seafood, salads, or chicken 🌿 250 g glass jar. Available from Corner Mex for delivery in Dubai, Abu Dhabi and across the UAE.",https://cdn.shopify.com/s/files/1/0642/6725/5904/files/1_9374f533-12f8-447e-89a9-ed53ffc18275.png?v=1750323906,My Store,false,false,exact,"Mojito Green Sauce, La Conspiración",https://intermexuae.com/products/la-conspiracion-salsa-mojito-verde,Direct Intermex catalog row matched to CornerMex seed candidate. Founder review required before activation.
ec8453e9-0cd1-42dc-a12b-a9792c85bbe7,CMX-THREE-CHILI-SAUCE-LA-CONSPIRACION,"Three Chili Sauce, La Conspiración",salsas,25.50,50,"Creamy, smoky, and packed with flavor, Salsa Tres Chiles by La Conspiración blends three smoked chili peppers with smooth cream for a rich and bold Mexican sauce. It’s the perfect balance of heat and indulgence, ready to elevate tacos, sandwiches, grilled meats, or even breakfast eggs. 🔥 Brand: La Conspiración 🔥 Made with 3 smoked chili varieties 🔥 Cream-based with a velvety texture 🔥 Great with grilled meats, tacos, or as a dip 🔥 250 g glass jar. Available from Corner Mex for delivery in Dubai, Abu Dhabi and across the UAE.",https://cdn.shopify.com/s/files/1/0642/6725/5904/files/1_1691969d-4a69-447e-b3d3-f7a51a7f1238.png?v=1750321783,My Store,false,false,exact,"Three Chili Sauce, La Conspiración",https://intermexuae.com/products/la-conspiracion-salsa-tres-chiles,Direct Intermex catalog row matched to CornerMex seed candidate. Founder review required before activation.
de5567ea-4ace-43a8-80f0-8a440e51450f,CMX-CHOLULA-HOT-SAUCE,Cholula Original Hot Sauce,salsas,20.95,50,"A true Mexican classic. Cholula Original Hot Sauce delivers a well-balanced, zesty blend of piquín and arbol peppers with a signature flavor that enhances rather than overpowers. Smooth, smoky, and just the right amount of heat, it’s the go-to bottle for flavor lovers everywhere. 🌶️ Brand: Cholula 🌶️ Iconic wooden cap &amp; authentic recipe 🌶️ Mild-to-medium heat with a smoky finish 🌶️ Great for eggs, tacos, pizza, popcorn &amp; more 🌶️ 150 ml glass bottle. Available from Corner Mex for delivery in Dubai, Abu Dhabi and across the UAE.",https://cdn.shopify.com/s/files/1/0642/6725/5904/files/1_d5c866bb-7017-4b15-bef7-38748a9b3416.png?v=1750320898,My Store,false,false,exact,Cholula Original Hot Sauce,https://intermexuae.com/products/cholula-original-hot-sauce,Direct Intermex catalog row matched to CornerMex seed candidate. Founder review required before activation.
dee5cd2f-4d3a-433f-9889-24493689ee4b,CMX-TAJIN-CHAMOY-HOT-SAUCE,Tajín Chamoy Hot Sauce,salsas,33.50,50,"A tangy-sweet twist with a mild kick — Tajín Chamoy Sauce brings together fruity chamoy flavor, chili, and lime in a smooth, pourable blend. Perfect for topping fruits, snacks, drinks, or even desserts, it adds a bold, mouthwatering zing that’s hard to resist. 🍑 Brand: Tajín 🍑 Classic chamoy flavor with chili and lime 🍑 Mild heat with sweet &amp; tangy undertones 🍑 Ideal for fruit bowls, gummy candy, mangonadas &amp; rim dips 🍑 455 ml squeeze bottle for easy use. Available from Corner Mex for delivery in Dubai, Abu Dhabi and across the UAE.",https://cdn.shopify.com/s/files/1/0642/6725/5904/files/1_bee3bb94-115b-4867-a76b-450f5bf88a1c.png?v=1750320473,My Store,false,false,exact,Tajín Chamoy Hot Sauce,https://intermexuae.com/products/tajin-chamoy-hot-sauce,Direct Intermex catalog row matched to CornerMex seed candidate. Founder review required before activation.
5a378cda-066f-4c4d-88c3-b306d2910a68,CMX-VALENTINA-SALSA-PICANTE-YELLOW-LABEL-1LT,Valentina Salsa Picante (Original Yellow Label) 1lt,salsas,33.50,50,"The flavor you know and love, now in a party-size bottle! Valentina Salsa Picante Original delivers a mild heat with a tangy chili flavor that pairs perfectly with snacks, fruits, chips, soups, and more. This 1-liter bottle is made for true Valentina lovers who don’t want to run out anytime soon. 🌶️ Brand: Valentina 🌶️ Signature Mexican hot sauce, tangy &amp; balanced 🌶️ Mild spice, perfect for all taste levels 🌶️ Great for large gatherings, restaurants, or hot sauce addicts 🌶️ 1-liter bottle, classic yellow label. Available from Corner Mex for delivery in Dubai, Abu Dhabi and across the UAE.",https://cdn.shopify.com/s/files/1/0642/6725/5904/files/1_516d9b00-ec5a-4f45-9887-77eedd643717.png?v=1750320334,My Store,false,false,exact,Valentina Salsa Picante (Original Yellow Label) 1lt,https://intermexuae.com/products/valentina-salsa-picante-original-yellow-label-1,Direct Intermex catalog row matched to CornerMex seed candidate. Founder review required before activation.
88347455-4971-4965-90ae-9b1ae9ad6083,CMX-VALENTINA-SALSA-PICANTE-YELLOW-LABEL,Valentina Salsa Picante (Original Yellow Label),salsas,17.00,50,"A beloved classic in every Mexican kitchen, Valentina Salsa Picante Original is famous for its tangy, mild-to-medium chile flavor and smooth texture. It’s not just hot sauce—it’s a way of life. Splash it over popcorn, fruit, soups, chips, eggs, and everything in between! 🌶️ Brand: Valentina 🌶️ Mild to medium heat with tangy chile flavor 🌶️ Versatile and smooth, not overly vinegary 🌶️ Perfect for snacks, soups, and street-style dishes 🌶️ 370 ml plastic bottle, iconic yellow label. Available from Corner Mex for delivery in Dubai, Abu Dhabi and across the UAE.",https://cdn.shopify.com/s/files/1/0642/6725/5904/files/1_0a5d2eae-c990-4518-b16e-f4b653d850be.png?v=1750319707,My Store,false,false,exact,Valentina Salsa Picante (Original Yellow Label),https://intermexuae.com/products/valentina-salsa-picante-original-yellow-label,Direct Intermex catalog row matched to CornerMex seed candidate. Founder review required before activation.
3660cf57-5561-415c-8fc9-96652ec24441,CMX-VALENTINA-SALSA-PICANTE-VERY-HOT-BLACK-LABEL,Valentina Salsa Picante Very Hot (Black Label),salsas,15.25,50,"Mexico’s cult-favorite hot sauce, now in its extra-hot black-label version! Valentina Salsa Picante “Muy Picante” delivers a thicker, tangy chile-arbol heat that clings to everything from tacos and popcorn to micheladas. 🌶️ Brand: Valentina 🌶️ Extra-hot black label (“Muy Picante”) 🌶️ Tangy chile-arbol flavor with a lingering burn 🌶️ Perfect for tacos, fruit, chips, soups &amp; cocktails 🌶️ 370 ml plastic bottle – pour on the heat! Available from Corner Mex for delivery in Dubai, Abu Dhabi and across the UAE.",https://cdn.shopify.com/s/files/1/0642/6725/5904/files/1_ffbefd28-b5bf-4b1f-8727-28a94de15207.png?v=1750319472,My Store,false,false,exact,Valentina Salsa Picante Very Hot (Black Label),https://intermexuae.com/products/valentina-salsa-picante-muy-picante-black-label,Direct Intermex catalog row matched to CornerMex seed candidate. Founder review required before activation.
afdc37db-b3de-4c6f-8560-233cceaf0b38,CMX-MARISQUERA-BLACK-HOT-SAUCE-EL-YUCATECO,"Marisquera Black Hot Sauce, El Yucateco",salsas,19.00,50,"Bring bold coastal flavor to your dishes with El Yucateco Marisquera Negra Hot Sauce. This smoky, seafood-friendly salsa blends dark spices with tangy heat, creating a rich, savory taste that enhances everything from grilled shrimp to fish tacos. 🌶 Brand: El Yucateco 🌶 Crafted for seafood &amp; coastal dishes 🌶 Dark, smoky flavor with mild heat 🌶 Perfect for ceviche, fish tacos, oysters, and more 🌶 120 ml glass bottle. Available from Corner Mex for delivery in Dubai, Abu Dhabi and across the UAE.",https://cdn.shopify.com/s/files/1/0642/6725/5904/files/1_748d248b-c607-4447-82b3-4b321fe8af19.png?v=1750319198,My Store,false,false,exact,"Marisquera Black Hot Sauce, El Yucateco",https://intermexuae.com/products/el-yucateco-marisquera-negra-hot-sauce,Direct Intermex catalog row matched to CornerMex seed candidate. Founder review required before activation.
5da63ecc-cf02-4fdc-8cf6-997ae654ab50,CMX-HABANERO-Y-CHILTEPIN-HOT-SAUCE-EL-YUCATECO,"Habanero y Chiltepín Hot Sauce, El Yucateco",salsas,19.00,50,"Feel the fire with the bold, smoky heat of El Yucateco Habanero y Chiltepín Hot Sauce. Infused with the intense, earthy flavor of wild chiltepín peppers and spicy habanero, this sauce packs a punch that chili lovers crave. 🌶 Brand: El Yucateco 🌶 Made with wild chiltepín &amp; habanero peppers 🌶 Deep, smoky heat with earthy undertones 🌶 Ideal for grilled meats, beans, soups, or salsas 🌶 120 ml glass bottle. Available from Corner Mex for delivery in Dubai, Abu Dhabi and across the UAE.",https://cdn.shopify.com/s/files/1/0642/6725/5904/files/1_2a04bc9b-e3a3-4a6f-a9e9-e0e4bed28847.png?v=1750318805,My Store,false,false,exact,"Habanero y Chiltepín Hot Sauce, El Yucateco",https://intermexuae.com/products/el-yucateco-habanero-y-chiltepin-hot-sauce,Direct Intermex catalog row matched to CornerMex seed candidate. Founder review required before activation.
250fb701-90eb-4b82-b073-48a23010c2d0,CMX-HABANERO-AND-PINEAPPLE-SMOKED-HOT-SAUCE-EL-YUCATECO,"Habanero and Pineapple smoked Hot Sauce, El Yucateco",salsas,19.00,50,"Turn up the heat with a tropical twist, El Yucateco Habanero y Piña Asada Hot Sauce combines the fiery kick of habaneros with the smoky-sweet flavor of grilled pineapple. Perfect for BBQs, tacos al pastor, or glazing meats with a bold fruity punch. 🍍 Brand: El Yucateco 🍍 Made with roasted pineapple &amp; habanero peppers 🍍 Sweet, smoky, and spicy all in one 🍍 Great on grilled meats, seafood, or pizza 🍍 120 ml glass bottle. Available from Corner Mex for delivery in Dubai, Abu Dhabi and across the UAE.",https://cdn.shopify.com/s/files/1/0642/6725/5904/files/2_47cc2db0-745b-495c-84e5-c28c1115fe01.png?v=1750319843,My Store,false,false,exact,"Habanero and Pineapple smoked Hot Sauce, El Yucateco",https://intermexuae.com/products/el-yucateco-habanero-y-pina-asada-hot-sauce,Direct Intermex catalog row matched to CornerMex seed candidate. Founder review required before activation.
60e2dd79-e41f-4163-ae59-4ca3e1186cbb,CMX-MARISQUERA-RED-HOT-SAUCE-EL-YUCATECO,"Marisquera Red Hot Sauce, El Yucateco",salsas,19.00,50,"Crafted especially for seafood lovers, El Yucateco Marisquera Roja Hot Sauce is a zesty, bold blend designed to elevate shrimp, oysters, ceviche, and more. With its tangy flavor and subtle heat, this sauce brings a splash of the Mexican coast to every bite. 🦐 Brand: El Yucateco 🦐 Ideal for seafood, ceviche, and cocktails 🦐 Balanced with spice, tang, and a hint of citrus 🦐 A coastal favorite with authentic flavor 🦐 150 ml glass bottle. Available from Corner Mex for delivery in Dubai, Abu Dhabi and across the UAE.",https://cdn.shopify.com/s/files/1/0642/6725/5904/files/1_86133fb5-08b4-41d7-9937-ad964cf536c8.png?v=1750317981,My Store,false,false,exact,"Marisquera Red Hot Sauce, El Yucateco",https://intermexuae.com/products/el-yucateco-marisquera-roja-hot-sauce,Direct Intermex catalog row matched to CornerMex seed candidate. Founder review required before activation.
17390074-cc01-4984-ade5-7820ea0cf7a1,CMX-HABANERO-ANF-COFFEE-HOT-SAUCE-EL-YUCATECO,"Habanero anf Coffee Hot Sauce, El Yucateco",salsas,19.00,50,"A bold blend for true flavor seekers — El Yucateco Habanero y Café Hot Sauce fuses the smoky heat of habanero with the rich depth of coffee. A unique, slightly sweet and roasty sauce that adds character to everything from grilled meats to savory breakfast plates. 🌶️ Brand: El Yucateco 🌶️ Made with habanero chili and coffee 🌶️ Smoky, earthy, and mildly sweet 🌶️ Ideal for grilled dishes, eggs, or BBQ marinades 🌶️ 120 ml glass bottle. Available from Corner Mex for delivery in Dubai, Abu Dhabi and across the UAE.",https://cdn.shopify.com/s/files/1/0642/6725/5904/files/1_5805709d-c389-43a4-9b29-82078cbda1c6.png?v=1750317613,My Store,false,false,exact,"Habanero anf Coffee Hot Sauce, El Yucateco",https://intermexuae.com/products/el-yucateco-habanero-y-cafe-hot-sauce,Direct Intermex catalog row matched to CornerMex seed candidate. Founder review required before activation.
66c66cfe-b450-4473-8c82-823bd1a4ba35,CMX-HABANERO-AND-GHOST-CHILI-HOT-SAUCE-EL-YUCATECO,"Habanero & Ghost Chili Hot Sauce, El Yucateco",salsas,19.00,50,"Warning: This one’s not for the faint of tongue ! 🌶💀 El Yucateco combines the fierce heat of habanero peppers with the fiery intensity of ghost chilies to create a hot sauce that delivers a slow burn and bold flavor in every drop. Perfect for those who crave extreme heat with character , this sauce amps up tacos, wings, soups, or even cocktails. If you dare, try it on your eggs for breakfast and see how your day starts 🔥 ✅ Made in Mexico ✅ No artificial colors ✅ Heat Level: 🌶🌶🌶🌶 (EXTREME) Net Weight: 120ml. Available from Corner Mex for delivery in Dubai, Abu Dhabi and across the UAE.",https://cdn.shopify.com/s/files/1/0642/6725/5904/files/1_6a6d11fd-de8b-44b2-9829-4a74103e4e9a.png?v=1750316980,My Store,false,false,exact,"Habanero & Ghost Chili Hot Sauce, El Yucateco",https://intermexuae.com/products/el-yucateco-habanero-ghost-chili-hot-sauce,Direct Intermex catalog row matched to CornerMex seed candidate. Founder review required before activation.
a2f35597-9674-478e-8fd0-63befcd9ba3a,3,"Habanero Sauce Sampler, La Meridana",salsas,42.00,50,"Spice up your kitchen with authentic Mexican heat! 🇲🇽 This boxed sampler from La Meridana brings together four unique habanero hot sauces , each made with real fruit, bold spices, and zero compromises. 🔥 Inside the box: 🍑 Papaya Habanero – Sweet heat with a tropical finish 🥭 Mango Habanero – Fruity fire that dances on the tongue 🌿 Green Habanero – Zesty, fresh, and slightly herbal 🌶 Red Habanero – The classic kick with full chili flavor 💡 Perfect for gifting or sampling – whether you’re new to hot sauce or already addicted. ✔️ Vegan · Gluten-Free · Made in Mexico · 4 x 150 ml bottles. Available from Corner Mex for delivery in Dubai, Abu Dhabi and across the UAE.",https://cdn.shopify.com/s/files/1/0642/6725/5904/files/1_3970489d-efca-4246-a4a7-62d2dc17d667.png?v=1750315369,My Store,false,false,exact,"Habanero Sauce Sampler, La Meridana",https://intermexuae.com/products/la-meridana-hot-sauce-sampler,Direct Intermex catalog row matched to CornerMex seed candidate. Founder review required before activation.
73868ed3-f7ca-43ad-9931-0bd129eda913,CMX-HOT-HABANERO-SAUCE-SAMPLER-LA-MERIDANA,"Hot Habanero Sauce Sampler Pack, La Meridana",salsas,30.00,50,"Taste the full spectrum of Mexican heat with this vibrant sampler pack from La Meridana . Whether you're gifting or just can’t choose one favorite, this set brings the perfect mix of smoky, fruity, and fiery flavors straight from Mexico. 🔥 Includes 4 x 50 ml bottles: 🌶 Papaya Habanero – Fruity sweetness meets tropical fire 🌶 Mango Habanero – A juicy twist with bold spice 🌶 Green Habanero – Zesty, herbaceous and sharp 🌶 Red Habanero – Classic, fiery and full-bodied 🎁 Perfect for gifting, sampling, or spicing up every meal. 💯 Made in Mexico. 100% authentic. Available from Corner Mex for delivery in Dubai, Abu Dhabi and across the UAE.",https://cdn.shopify.com/s/files/1/0642/6725/5904/files/1_6e48c1d5-e121-45a6-9784-1cfa01220727.png?v=1750314363,My Store,false,false,exact,"Hot Habanero Sauce Sampler Pack, La Meridana",https://intermexuae.com/products/la-meridana-hot-sauce-sampler-pack,Direct Intermex catalog row matched to CornerMex seed candidate. Founder review required before activation.
7a69c53c-e473-41e7-be79-5538e8822cf4,CMX-MANGO-HABANERO-HOT-SAUCE-LA-MERIDANA,"Mango Habanero Hot Sauce, La Meridana",salsas,19.50,50,"Tropical sweetness with a fiery twist — La Meridana Mango Habanero Hot Sauce blends juicy mango with bold habanero heat for a sauce that’s bright, balanced, and totally addictive. Perfect on tacos, wings, or even as a dipping sauce. 🥭 Brand: La Meridana 🥭 Made with real mango &amp; habanero peppers 🥭 Sweet upfront with a spicy finish 🥭 Great for tacos, grilled meats, or mango salsas 🥭 150 ml glass bottle. Available from Corner Mex for delivery in Dubai, Abu Dhabi and across the UAE.",https://cdn.shopify.com/s/files/1/0642/6725/5904/files/1_0e8d9f52-d84d-4a2f-b51a-f39feed53cd7.png?v=1750313639,My Store,false,false,exact,"Mango Habanero Hot Sauce, La Meridana",https://intermexuae.com/products/la-meridana-mango-habanero-hot-sauce,Direct Intermex catalog row matched to CornerMex seed candidate. Founder review required before activation.
5a246dae-53de-47fe-9744-2af82a3c1309,CMX-PAPAYA-HABANERO-HOT-SAUCE-LA-MERIDANA,"Papaya Habanero Hot Sauce, La Meridana",salsas,19.00,50,"Sweet, tropical papaya meets fiery habanero in this unique, flavor-packed hot sauce from La Meridana . The perfect balance of fruity and spicy, it’s a delicious addition to seafood, grilled chicken, tacos, or even drizzled on fresh fruit. 🌶️ Brand: La Meridana 🌶️ Made with real papaya and habanero chiles 🌶️ Bright, fruity flavor with a bold kick 🌶️ Great on fish, chicken, fruit, or even salad dressings 🌶️ 150 ml glass bottle. Available from Corner Mex for delivery in Dubai, Abu Dhabi and across the UAE.",https://cdn.shopify.com/s/files/1/0642/6725/5904/files/1_028e1f19-b3fd-4857-8ff4-a492d6a1e480.png?v=1750313505,My Store,false,false,exact,"Papaya Habanero Hot Sauce, La Meridana",https://intermexuae.com/products/la-meridana-papaya-habanero-hot-sauce,Direct Intermex catalog row matched to CornerMex seed candidate. Founder review required before activation.
0b430906-b6e0-4233-9db0-2ae460a58fdf,CMX-CHIPOTLE-AGAVE-HOT-SAUCE-LA-MERIDANA,"Chipotle Agave Hot Sauce, La Meridana",salsas,9.00,50,"Smoky meets sweet in this rich and flavorful Chipotle Agave Hot Sauce by La Meridana. Made with smoked chipotle peppers and balanced with smooth agave syrup, it’s perfect for those who love a deep, savory heat with a hint of sweetness. 🌶️ Brand: La Meridana 🌶️ Made with smoked chipotle chiles &amp; natural agave 🌶️ Mild to medium heat with smoky-sweet flavor 🌶️ Great for marinades, burgers, grilled veggies &amp; tacos 🌶️ 150 ml glass bottle. Available from Corner Mex for delivery in Dubai, Abu Dhabi and across the UAE.",https://cdn.shopify.com/s/files/1/0642/6725/5904/files/1_285fc47a-44ef-4f06-b5fe-74229c17f90e.png?v=1750312691,My Store,false,false,exact,"Chipotle Agave Hot Sauce, La Meridana",https://intermexuae.com/products/la-meridana-chipotle-agave-hot-sauce,Direct Intermex catalog row matched to CornerMex seed candidate. Founder review required before activation.
9fe3ad8f-40d8-4f58-8261-a6d3d58cb677,CMX-GREEN-HABANERO-HOT-SAUCE,Green Habanero Hot Sauce,salsas,19.00,50,"Bright, zesty, and full of heat, La Meridana Green Habanero Hot Sauce delivers a fresh punch of flavor with every drop. Made from green habanero chiles, this sauce brings vibrant spice to tacos, ceviches, eggs, and more. 🌶️ Brand: La Meridana 🌶️ Made with fresh green habanero peppers 🌶️ Sharp, citrusy flavor with bold heat 🌶️ Perfect for seafood, tacos, breakfast &amp; more 🌶️ 5 fl oz (150 ml) glass bottle. Available from Corner Mex for delivery in Dubai, Abu Dhabi and across the UAE.",https://cdn.shopify.com/s/files/1/0642/6725/5904/files/GreenHabanero_1.png?v=1750281392,My Store,false,false,exact,Green Habanero Hot Sauce,https://intermexuae.com/products/la-meridana-green-habanero-hot-sauce,Direct Intermex catalog row matched to CornerMex seed candidate. Founder review required before activation.
051d932b-6431-4f91-839b-02addd6b444f,CMX-RED-HABANERO-HOT-SAUCE-LA-MERIDANA,"Red Habanero Hot Sauce, La Meridana",salsas,19.00,50,"Bring the fire with La Meridana Red Habanero Hot Sauce , a bold, fiery classic made with authentic Mexican red habanero peppers. This vibrant sauce is perfect for heat seekers who love balanced spice with a touch of citrusy brightness. 🌶️ Brand: La Meridana 🌶️ Made with real red habanero chiles 🌶️ Intense heat with fresh, tangy flavor 🌶️ Delicious on tacos, eggs, grilled meats, and more 🌶️ 5 fl oz (150 ml) glass bottle. Available from Corner Mex for delivery in Dubai, Abu Dhabi and across the UAE.",https://cdn.shopify.com/s/files/1/0642/6725/5904/files/RedHabanero.png?v=1750280916,My Store,false,false,exact,"Red Habanero Hot Sauce, La Meridana",https://intermexuae.com/products/la-meridana-red-habanero-hot-sauce,Direct Intermex catalog row matched to CornerMex seed candidate. Founder review required before activation.
68545e01-f702-4285-ab4e-7a5d7ea9f76a,CMX-SMOKED-HABANERO-HOT-SAUCE-LA-MERIDANA,"Smoked Habanero Hot Sauce, La Meridana",salsas,19.00,50,"Turn up the heat with La Meridana Smoked Habanero Hot Sauce , a fiery blend of authentic Mexican habaneros and rich smoky flavor. Crafted with love and tradition, this small-batch hot sauce adds the perfect bold kick to tacos, grilled meats, eggs, and more. 🌶️ Brand: La Meridana 🌶️ Made with smoked habanero peppers 🌶️ Deep, smoky heat with a smooth finish 🌶️ Ideal for everyday use, just a few drops pack serious flavor 🌶️ 5 fl oz (150 ml) glass bottle. Available from Corner Mex for delivery in Dubai, Abu Dhabi and across the UAE.",https://cdn.shopify.com/s/files/1/0642/6725/5904/files/1_a5980940-b181-4d30-ad57-c03362451976.png?v=1750280647,My Store,false,false,exact,"Smoked Habanero Hot Sauce, La Meridana",https://intermexuae.com/products/la-meridana-smoked-habanero-hot-sauce,Direct Intermex catalog row matched to CornerMex seed candidate. Founder review required before activation.
ee3e4aea-1a20-490e-90d4-cb4d6dda079a,CMX-LUCAS-MUECAS-MANGO-SPICY-MANGO-LOLLIPOP-WITH-CHILI-POWDE,Lucas Muecas Mango (Spicy Mango Lollipop with Chili Powder),snacks,39.00,50,"A sweet and spicy treat with a tropical twist! Lucas Muecas Mango combines a mango-flavored lollipop with tangy chili powder for dipping fun. Dip, lick, repeat, this is Mexican candy the way it’s meant to be: bold and addictive. 🌶️ Brand: Lucas 🌶️ Mango-flavored lollipop with chili powder dip 🌶️ Sweet, sour, and spicy flavor combo 🌶️ Includes 10 pieces (24 g each) 🌶️ Net weight: 240 g. Available from Corner Mex for delivery in Dubai, Abu Dhabi and across the UAE.",https://cdn.shopify.com/s/files/1/0642/6725/5904/files/LucasMuecasMango.png?v=1750279231,My Store,false,false,exact,Lucas Muecas Mango (Spicy Mango Lollipop with Chili Powder),https://intermexuae.com/products/lucas-muecas-mango-spicy-mango-lollipop-with-chili-powder,Direct Intermex catalog row matched to CornerMex seed candidate. Founder review required before activation.
51ae4d72-d4a0-41ee-8556-50113ecec0f6,CMX-PELON-PELO-RICO-TAMARIND,Pelon Pelo Rico Tamarind,snacks,38.00,50,"A classic favorite with a fun twist! Pelon Pelo Rico Tamarindo is a tangy, spicy tamarind-flavored candy that you push up through a soft, squeezable container—creating the signature “hair” effect. Sweet, sour, and seriously fun to eat! 🌶️ Brand: Pelon Pelo Rico 🌶️ Tamarind-flavored candy with a touch of chili 🌶️ Soft texture and unique push-up dispenser 🌶️ Includes 12 individual containers (30 g each) 🌶️ Total net weight: 360 g. Available from Corner Mex for delivery in Dubai, Abu Dhabi and across the UAE.",https://cdn.shopify.com/s/files/1/0642/6725/5904/files/pelonpelorico_1.png?v=1750278719,My Store,false,false,exact,Pelon Pelo Rico Tamarind,https://intermexuae.com/products/pelon-pelo-rico-tamarindo,Direct Intermex catalog row matched to CornerMex seed candidate. Founder review required before activation.
968f1bba-949e-417b-a14c-1e745707a634,8,Pulparindo Mango (Tamarind Candy with Mango Flavor),snacks,39.00,50,"The perfect twist on a Mexican favorite! Pulparindo Mango blends the classic sweet-sour-spicy tamarind candy with a tropical mango kick. Made from natural tamarind pulp, it’s chewy, tangy, and full of bold flavor in every bite. 🥭 Brand: De la Rosa 🥭 Tamarind candy with chili, salt, and natural mango flavor 🥭 Sweet, sour, spicy, and tropical, all in one! 🥭 Includes 20 individually wrapped pieces 🥭 Net weight: 280 g. Available from Corner Mex for delivery in Dubai, Abu Dhabi and across the UAE.",https://cdn.shopify.com/s/files/1/0642/6725/5904/files/PulparindoMangoFront.png?v=1750277434,My Store,false,false,exact,Pulparindo Mango (Tamarind Candy with Mango Flavor),https://intermexuae.com/products/pulparindo-mango-tamarind-candy-with-mango-flavor,Direct Intermex catalog row matched to CornerMex seed candidate. Founder review required before activation.
dc81184d-8f9b-4b38-9b04-17c16779e859,0,"Mazapan Original, De la Rosa",snacks,21.90,50,"A true classic! De la Rosa Mazapán is Mexico’s beloved peanut candy, known for its soft, crumbly texture and rich nutty flavor. Made from crushed peanuts and sugar, it melts in your mouth and brings sweet nostalgia with every bite. 🥜 Brand: De la Rosa 🥜 Original peanut marzipan candy since 1950 🥜 Soft, crumbly texture with bold peanut flavor 🥜 Contains 12 individually wrapped pieces 🥜 Net weight: 336 g. Available from Corner Mex for delivery in Dubai, Abu Dhabi and across the UAE.",https://cdn.shopify.com/s/files/1/0642/6725/5904/files/mazapanfront.png?v=1750276948,My Store,false,false,exact,"Mazapan Original, De la Rosa",https://intermexuae.com/products/de-la-rosa-mazapan-original,Direct Intermex catalog row matched to CornerMex seed candidate. Founder review required before activation.
9062dc56-5993-417c-8ac1-07db97ff3b3d,CMX-LUCAS-MUECAS-CHAMOY,Lucas Muecas Chamoy,snacks,39.00,50,"Sweet, sour, and irresistibly spicy! Lucas Muecas Chamoy is a classic Mexican lollipop dipped in tangy chamoy powder. It’s the perfect mix of flavors that dance on your taste buds with every lick. Fun to eat and packed with flavor. 🌶️ Brand: Lucas 🌶️ Chamoy-flavored lollipop with tangy chili powder 🌶️ Unique push-up style candy you can dip again and again 🌶️ Includes 10 individual pieces , great for sharing or party favors 🌶️ A popular Mexican treat for spicy candy lovers. Available from Corner Mex for delivery in Dubai, Abu Dhabi and across the UAE.",https://cdn.shopify.com/s/files/1/0642/6725/5904/files/LucasMuecasfront.png?v=1750276059,My Store,false,false,exact,Lucas Muecas Chamoy,https://intermexuae.com/products/lucas-muecas-chamoy-1,Direct Intermex catalog row matched to CornerMex seed candidate. Founder review required before activation.
11863256-5fda-4ebf-ab74-9bd04f58e8bb,CMX-PALEBOLA-TAMA-ROCA-TAMARIND-CANDY,Palebola Tama-Roca Tamarind Candy,snacks,43.00,50,"Spicy, salty, and sweet, Palebola Tama-Roca is an iconic Mexican tamarind candy that packs a punch! Made with natural tamarind, chili, and salt, it’s a bold treat for those who crave intense, tangy flavors. A nostalgic favorite since 1975. 🌶️ Brand: Palebola Tama-Roca 🌶️ Natural tamarind candy with chili and salt 🌶️ A true Mexican classic, spicy, sour, and addictive! 🌶️ Contains 12 individually packed pieces 🌶️ Net weight: 720 g. Available from Corner Mex for delivery in Dubai, Abu Dhabi and across the UAE.",https://cdn.shopify.com/s/files/1/0642/6725/5904/files/Palebolafront.png?v=1750275118,My Store,false,false,exact,Palebola Tama-Roca Tamarind Candy,https://intermexuae.com/products/palebola-tama-roca-tamarind-candy,Direct Intermex catalog row matched to CornerMex seed candidate. Founder review required before activation.
a687ca38-1c29-4d37-b612-ae01dd03a864,CMX-BARRITAS-STRAWBERRY-MARINELA-2,"Barritas Strawberry,Marinela",snacks,29.50,50,"Soft, fruity, and deliciously nostalgic, Marinela Barritas Fresa are tender cookie bars filled with a sweet strawberry jam center. A classic Mexican snack perfect for school lunches, coffee breaks, or an anytime treat. 🍓 Brand: Marinela 🍓 Soft-baked bars with real strawberry filling 🍓 Each box contains 12 individually wrapped bars 🍓 Great for on-the-go snacking or sharing 🍓 Net weight: 402 g. Available from Corner Mex for delivery in Dubai, Abu Dhabi and across the UAE.",https://cdn.shopify.com/s/files/1/0642/6725/5904/files/barritasback.png?v=1750273323,My Store,false,false,exact,"Barritas Strawberry,Marinela",https://intermexuae.com/products/marinela-barritas-fresa,Direct Intermex catalog row matched to CornerMex seed candidate. Founder review required before activation.
,CMX-WHOLE-PASILLA-CHILI-EL-FRESNO-2,"Whole Pasilla Chili, El Fresno",,16.00,50,"Bring authentic flavor to your kitchen with El Fresno Whole Dried Pasilla Chilies . Known for their dark color and rich, mildly spicy profile, these chilies are perfect for creating depth in traditional Mexican dishes like moles, sauces, and soups. 🌶️ Brand: El Fresno 🌶️ 100% whole dried pasilla chiles 🌶️ Mild heat with a deep, raisin-like sweetness 🌶️ Ideal for moles, enchilada sauces, and slow-cooked recipes 🌶️ 100 g pack, great for home cooks exploring Mexican cuisine",https://cdn.shopify.com/s/files/1/0642/6725/5904/files/ChiliPasilla1.png?v=1750235329,My Store,false,false,exact,"Whole Pasilla Chili, El Fresno",https://intermexuae.com/products/el-fresno-whole-pasilla-chili-1,Direct Intermex catalog row not present in original CornerMex CSV. Founder review required before import/activation.
5832e5fc-c8a8-4314-92bd-c916763d0940,CMX-GUAJILLO-CHILI-POWDER-XATZE,"Guajillo Chili Powder, Xatze",chiles,42.50,50,"Smooth, smoky, and slightly sweet, Xatze Ground Guajillo Chili adds authentic depth to your dishes. Made from dried guajillo peppers, this versatile chili powder enhances sauces, soups, stews, and marinades with a warm, rich flavor and gentle heat. 🌶️ Brand: Xatze 🌶️ 100% natural ground guajillo chiles 🌶️ Mild-to-medium heat with a subtle fruity taste 🌶️ Perfect for salsas, adobo sauces, moles, and slow-cooked meals 🌶️ 550 g bottle – great for home kitchens and professional use. Available from Corner Mex for delivery in Dubai, Abu Dhabi and across the UAE.",https://cdn.shopify.com/s/files/1/0642/6725/5904/files/ChiliGuajillo_1.png?v=1750231656,My Store,false,false,exact,"Guajillo Chili Powder, Xatze",https://intermexuae.com/products/xatze-guajillo-chili-powder,Direct Intermex catalog row matched to CornerMex seed candidate. Founder review required before activation.
fdc490c9-6c8c-4781-8479-4cc370a72e50,CMX-ARBOL-CHILI-POWDER-XATZE,"Árbol Chili Powder, Xatze",chiles,42.50,50,"Bring the heat with Xatze Ground Chile de Árbol , a bold and fiery chili powder made from dried árbol peppers. Known for their vibrant color and spicy kick, this finely ground chili is perfect for adding intense flavor to salsas, sauces, meat rubs, and more. 🌶️ Brand: Xatze 🌶️ 100% natural ground chile de árbol 🌶️ Hot and sharp flavor with a hint of nuttiness 🌶️ Great for spicy salsas, marinades, and dry rubs 🌶️ 550 g bottle, ideal for both home cooks and professional kitchens. Available from Corner Mex for delivery in Dubai, Abu Dhabi and across the UAE.",https://cdn.shopify.com/s/files/1/0642/6725/5904/files/ChiliArbol_1.png?v=1750231101,My Store,false,false,exact,"Árbol Chili Powder, Xatze",https://intermexuae.com/products/xatze-chile-de-arbol-powder,Direct Intermex catalog row matched to CornerMex seed candidate. Founder review required before activation.
da3c5171-3b0a-498f-a104-b60c0021f62c,CMX-ANCHO-CHILI-POWDER-XATZE,"Ancho Chili Powder, Xatze",chiles,42.50,50,"Add a rich, smoky flavor to your favorite dishes with Xatze Ground Ancho Chili . Made from dried poblano peppers, this deep red powder brings mild heat and a subtle sweetness to everything from rubs and marinades to soups and stews. 🌶️ Brand: Xatze 🌶️ 100% natural ground ancho chiles (dried poblano peppers) 🌶️ Mild heat with a sweet, smoky flavor 🌶️ Ideal for spice blends, BBQ rubs, sauces, and slow-cooked meals 🌶️ 550g bottle, perfect for kitchens, restaurants, or food lovers. Available from Corner Mex for delivery in Dubai, Abu Dhabi and across the UAE.",https://cdn.shopify.com/s/files/1/0642/6725/5904/files/AnchoMolidoSquare.png?v=1750230378,My Store,false,false,exact,"Ancho Chili Powder, Xatze",https://intermexuae.com/products/xatze-ancho-chili-powder,Direct Intermex catalog row matched to CornerMex seed candidate. Founder review required before activation.
b26075c8-3db4-40e9-9f70-630d236a2dc1,CMX-CHILE-ANCHO-150G-WHOLE-DRIED-CHILIES,"Chile Ancho 150G (Whole Dried Chilies), INTERMEX",chiles,20.00,50,"Deep, smoky, and slightly sweet, Whole Dried Ancho Chilies are a pantry essential for authentic Mexican cuisine. These dried poblano peppers bring complex flavor and mild heat to your sauces, stews, marinades, and moles. 🌶️ Brand: Intermex 🌶️ 100% whole dried ancho chiles (sun-dried poblanos) 🌶️ Rich, earthy flavor with a hint of sweetness 🌶️ Ideal for rehydrating and blending into traditional Mexican recipes 🌶️ 150 g. Available from Corner Mex for delivery in Dubai, Abu Dhabi and across the UAE.",https://cdn.shopify.com/s/files/1/0642/6725/5904/files/Screenshot_2026-04-18_100837.png?v=1776492582,My Store,false,false,exact,"Chile Ancho 150G (Whole Dried Chilies), INTERMEX",https://intermexuae.com/products/xatze-chile-ancho-whole-dried-chilies,Direct Intermex catalog row matched to CornerMex seed candidate. Founder review required before activation.
